listener,artist,genre,region,minutes,day,month,year,date,premium
Hana,Nova,Pop,EU,156,14,3,2022,2022-03-14,True
Ada,Echo Park,HipHop,UK,172,25,3,2023,2023-03-25,False
Dee,Sol Fina,Pop,JP,65,8,4,2021,2021-04-08,False
Dee,Marisol,Classical,EU,86,15,9,2023,2023-09-15,True
Gus,Marisol,Classical,US,227,19,7,2022,2022-07-19,True
Ben,The Larks,Jazz,EU,205,18,10,2022,2022-10-18,False
Dee,Nova,Pop,UK,100,27,7,2021,2021-07-27,False
Ben,Sol Fina,Pop,US,58,2,8,2022,2022-08-02,False
Gus,Blue Ember,Jazz,US,73,4,1,2021,2021-01-04,False
Fay,Nova,Pop,EU,130,2,9,2023,2023-09-02,True
Dee,Vantablack,Rock,US,137,1,4,2023,2023-04-01,True
Dee,Grův,Pop,US,45,13,5,2022,2022-05-13,False
Ben,Echo Park,HipHop,US,16,5,7,2023,2023-07-05,True
Hana,Echo Park,HipHop,UK,119,8,6,2023,2023-06-08,False
Fay,Echo Park,HipHop,UK,192,11,5,2021,2021-05-11,True
Cy,Echo Park,HipHop,UK,37,28,2,2021,2021-02-28,True
Dee,Vantablack,Rock,US,99,5,10,2021,2021-10-05,False
Fay,Riftwave,Rock,US,39,2,1,2021,2021-01-02,False
Fay,The Larks,Jazz,UK,59,20,9,2022,2022-09-20,False
Dee,Marisol,Classical,US,147,2,8,2022,2022-08-02,False
Cy,Vantablack,Rock,EU,69,13,8,2022,2022-08-13,False
Fay,K.Low,HipHop,US,64,22,3,2021,2021-03-22,False
Fay,Riftwave,Rock,US,239,3,10,2023,2023-10-03,False
Eli,Grův,Pop,US,42,6,12,2023,2023-12-06,False
Ada,Echo Park,HipHop,UK,46,9,10,2022,2022-10-09,False
Dee,Sol Fina,Pop,US,224,7,1,2021,2021-01-07,False
Eli,Marisol,Classical,EU,133,10,3,2022,2022-03-10,False
Hana,The Larks,Jazz,US,11,26,2,2023,2023-02-26,True
Eli,Vantablack,Rock,UK,102,31,3,2023,2023-03-31,False
Cy,Marisol,Classical,UK,136,24,9,2021,2021-09-24,True
Eli,Marisol,Classical,US,61,20,6,2023,2023-06-20,True
Ben,Blue Ember,Jazz,UK,132,26,11,2023,2023-11-26,False
Ada,Nova,Pop,US,156,11,7,2022,2022-07-11,True
Fay,Vantablack,Rock,UK,61,22,2,2022,2022-02-22,False
Hana,The Larks,Jazz,US,195,31,7,2022,2022-07-31,False
Gus,Nova,Pop,EU,109,30,1,2021,2021-01-30,True
Eli,The Larks,Jazz,JP,232,28,7,2022,2022-07-28,False
Ada,The Larks,Jazz,US,22,30,1,2021,2021-01-30,True
Hana,Blue Ember,Jazz,UK,78,8,2,2021,2021-02-08,False
Dee,Sol Fina,Pop,EU,174,29,8,2022,2022-08-29,False
Cy,Riftwave,Rock,US,215,14,7,2022,2022-07-14,True
Hana,Echo Park,HipHop,EU,54,17,12,2023,2023-12-17,True
Fay,Echo Park,HipHop,UK,236,10,7,2022,2022-07-10,True
Fay,K.Low,HipHop,JP,47,9,12,2023,2023-12-09,True
Cy,Nova,Pop,JP,100,3,6,2023,2023-06-03,True
Hana,Grův,Pop,US,76,5,1,2022,2022-01-05,False
Dee,Marisol,Classical,UK,102,12,10,2023,2023-10-12,True
Eli,The Larks,Jazz,UK,217,13,6,2022,2022-06-13,False
Gus,Sol Fina,Pop,US,176,14,10,2022,2022-10-14,True
Fay,Echo Park,HipHop,US,192,20,4,2021,2021-04-20,False
Ben,Echo Park,HipHop,JP,61,21,8,2021,2021-08-21,True
Cy,Riftwave,Rock,US,228,26,7,2022,2022-07-26,False
Cy,K.Low,HipHop,UK,105,25,10,2021,2021-10-25,False
Hana,Marisol,Classical,EU,157,19,10,2022,2022-10-19,True
Fay,Marisol,Classical,US,168,29,3,2021,2021-03-29,False
Cy,Nova,Pop,UK,160,2,10,2021,2021-10-02,True
Fay,Vantablack,Rock,JP,145,30,12,2022,2022-12-30,False
Fay,Riftwave,Rock,UK,116,2,11,2022,2022-11-02,False
Dee,Echo Park,HipHop,US,156,14,12,2023,2023-12-14,False
Dee,Sol Fina,Pop,US,218,13,9,2023,2023-09-13,True
Hana,Grův,Pop,JP,94,7,6,2023,2023-06-07,True
Eli,Echo Park,HipHop,US,123,2,1,2021,2021-01-02,True
Ben,K.Low,HipHop,UK,44,22,10,2022,2022-10-22,True
Fay,Grův,Pop,US,86,8,9,2021,2021-09-08,True
Eli,Marisol,Classical,UK,186,20,10,2021,2021-10-20,False
Eli,K.Low,HipHop,JP,154,18,8,2021,2021-08-18,False
Fay,Grův,Pop,UK,51,15,5,2022,2022-05-15,False
Hana,K.Low,HipHop,JP,132,16,5,2021,2021-05-16,True
Cy,Nova,Pop,US,195,6,8,2022,2022-08-06,True
Dee,Marisol,Classical,UK,30,1,7,2021,2021-07-01,False
Ben,Echo Park,HipHop,EU,15,2,7,2022,2022-07-02,True
Fay,Riftwave,Rock,UK,95,17,11,2022,2022-11-17,True
Dee,Marisol,Classical,US,158,16,7,2021,2021-07-16,False
Cy,Riftwave,Rock,EU,76,23,4,2021,2021-04-23,False
Fay,Sol Fina,Pop,US,198,2,6,2023,2023-06-02,False
Dee,Marisol,Classical,UK,204,20,3,2023,2023-03-20,True
Dee,K.Low,HipHop,JP,128,14,10,2021,2021-10-14,False
Dee,Blue Ember,Jazz,US,91,30,8,2023,2023-08-30,True
Cy,Vantablack,Rock,US,11,31,8,2021,2021-08-31,True
Ben,Sol Fina,Pop,US,198,12,10,2023,2023-10-12,False
Gus,Grův,Pop,US,215,5,5,2021,2021-05-05,True
Ada,Marisol,Classical,US,107,24,12,2022,2022-12-24,False
Cy,Riftwave,Rock,EU,124,21,1,2021,2021-01-21,True
Fay,The Larks,Jazz,US,181,5,8,2021,2021-08-05,True
Ben,Sol Fina,Pop,EU,167,20,3,2022,2022-03-20,False
Fay,Echo Park,HipHop,US,33,4,4,2021,2021-04-04,True
Fay,Nova,Pop,US,162,16,5,2022,2022-05-16,False
Fay,K.Low,HipHop,US,222,12,9,2021,2021-09-12,True
Cy,Echo Park,HipHop,EU,181,19,4,2021,2021-04-19,False
Ada,The Larks,Jazz,UK,116,20,11,2023,2023-11-20,True
Hana,Marisol,Classical,US,126,12,12,2023,2023-12-12,True
Cy,The Larks,Jazz,EU,63,20,11,2023,2023-11-20,False
Gus,The Larks,Jazz,UK,159,18,6,2021,2021-06-18,True
Ben,K.Low,HipHop,US,58,23,2,2022,2022-02-23,True
Ben,The Larks,Jazz,JP,83,25,12,2021,2021-12-25,False
Gus,Blue Ember,Jazz,US,64,23,12,2021,2021-12-23,False
Hana,Blue Ember,Jazz,US,81,2,4,2022,2022-04-02,False
Gus,Sol Fina,Pop,UK,89,13,7,2022,2022-07-13,False
Gus,Sol Fina,Pop,US,20,16,6,2022,2022-06-16,False
Ben,Riftwave,Rock,US,173,16,11,2021,2021-11-16,False
Hana,The Larks,Jazz,EU,106,9,12,2023,2023-12-09,False
Fay,Riftwave,Rock,US,228,9,12,2023,2023-12-09,True
Ben,The Larks,Jazz,EU,44,29,12,2021,2021-12-29,True
Ben,Nova,Pop,JP,161,31,8,2021,2021-08-31,False
Gus,Echo Park,HipHop,UK,44,7,8,2022,2022-08-07,False
Cy,Echo Park,HipHop,EU,132,9,2,2022,2022-02-09,False
Gus,Echo Park,HipHop,EU,118,17,12,2023,2023-12-17,True
Ben,Sol Fina,Pop,JP,108,16,4,2022,2022-04-16,True
Cy,Marisol,Classical,US,158,13,2,2021,2021-02-13,False
Cy,Echo Park,HipHop,US,199,17,5,2021,2021-05-17,False
Cy,Blue Ember,Jazz,UK,77,23,3,2021,2021-03-23,True
Fay,Echo Park,HipHop,UK,204,24,2,2022,2022-02-24,False
Hana,Vantablack,Rock,US,45,13,12,2021,2021-12-13,False
Hana,Marisol,Classical,UK,71,28,7,2023,2023-07-28,False
Fay,Vantablack,Rock,US,75,3,9,2023,2023-09-03,True
Ben,Vantablack,Rock,JP,229,3,6,2021,2021-06-03,False
Hana,Nova,Pop,US,29,1,11,2023,2023-11-01,False
Eli,Riftwave,Rock,US,95,2,10,2022,2022-10-02,False
Eli,Blue Ember,Jazz,US,102,2,12,2021,2021-12-02,True
Fay,Riftwave,Rock,US,193,22,3,2022,2022-03-22,False
Gus,Marisol,Classical,US,117,29,4,2022,2022-04-29,False
Hana,Sol Fina,Pop,US,233,6,7,2021,2021-07-06,True
Eli,Sol Fina,Pop,US,178,8,8,2023,2023-08-08,False
Eli,Marisol,Classical,US,169,14,1,2021,2021-01-14,False
Fay,The Larks,Jazz,US,181,18,3,2021,2021-03-18,False
Cy,Vantablack,Rock,US,39,27,10,2021,2021-10-27,True
Cy,Nova,Pop,US,108,7,6,2021,2021-06-07,False
Fay,Echo Park,HipHop,US,141,9,3,2021,2021-03-09,True
Ada,Vantablack,Rock,US,51,24,2,2022,2022-02-24,False
Cy,Sol Fina,Pop,US,29,17,2,2022,2022-02-17,False
Fay,Vantablack,Rock,US,33,18,5,2021,2021-05-18,True
Hana,Vantablack,Rock,EU,190,7,6,2023,2023-06-07,True
Eli,Nova,Pop,JP,158,25,8,2023,2023-08-25,True
Dee,Vantablack,Rock,JP,68,28,2,2023,2023-02-28,False
Dee,Echo Park,HipHop,UK,177,26,7,2022,2022-07-26,False
Fay,K.Low,HipHop,UK,167,4,11,2023,2023-11-04,False
Eli,Sol Fina,Pop,US,196,19,1,2022,2022-01-19,True
Ada,Nova,Pop,EU,219,13,4,2022,2022-04-13,True
Eli,K.Low,HipHop,EU,212,17,1,2021,2021-01-17,True
Dee,Marisol,Classical,EU,44,15,2,2023,2023-02-15,False
Fay,Grův,Pop,EU,185,12,4,2021,2021-04-12,False
Hana,Blue Ember,Jazz,UK,95,30,12,2022,2022-12-30,False
Hana,Blue Ember,Jazz,EU,97,7,5,2023,2023-05-07,True
Eli,Marisol,Classical,EU,156,26,8,2021,2021-08-26,False
Cy,Grův,Pop,US,145,2,11,2022,2022-11-02,True
Dee,The Larks,Jazz,JP,101,29,11,2021,2021-11-29,False
Ben,Nova,Pop,US,240,13,3,2022,2022-03-13,False
Hana,Blue Ember,Jazz,JP,42,4,8,2022,2022-08-04,False
Gus,The Larks,Jazz,EU,24,1,10,2021,2021-10-01,False
Gus,Nova,Pop,US,7,23,5,2023,2023-05-23,True
Cy,The Larks,Jazz,EU,196,9,3,2022,2022-03-09,False
Cy,Blue Ember,Jazz,US,98,21,5,2022,2022-05-21,True
Gus,Grův,Pop,EU,105,12,6,2023,2023-06-12,False
Eli,Blue Ember,Jazz,EU,156,7,9,2021,2021-09-07,True
Fay,Marisol,Classical,UK,105,11,5,2022,2022-05-11,True
Dee,Sol Fina,Pop,EU,138,24,12,2023,2023-12-24,True
Dee,Riftwave,Rock,US,15,14,3,2022,2022-03-14,True
Fay,Vantablack,Rock,US,38,7,5,2021,2021-05-07,False
Gus,Vantablack,Rock,UK,224,8,11,2021,2021-11-08,False
Cy,Echo Park,HipHop,US,109,13,11,2023,2023-11-13,True
Gus,Grův,Pop,UK,41,12,4,2023,2023-04-12,False
Ben,Sol Fina,Pop,US,89,5,6,2023,2023-06-05,False
Dee,Marisol,Classical,US,81,5,10,2021,2021-10-05,True
Hana,Marisol,Classical,UK,66,8,7,2023,2023-07-08,True
Hana,Marisol,Classical,EU,71,7,3,2022,2022-03-07,False
Hana,The Larks,Jazz,US,176,21,5,2023,2023-05-21,False
Cy,K.Low,HipHop,EU,26,23,8,2023,2023-08-23,True
Gus,Riftwave,Rock,UK,75,16,8,2021,2021-08-16,False
Hana,K.Low,HipHop,US,113,25,10,2023,2023-10-25,True
Hana,Nova,Pop,UK,130,24,11,2022,2022-11-24,True
Ada,Riftwave,Rock,UK,212,12,3,2023,2023-03-12,False
Fay,Nova,Pop,US,222,9,4,2023,2023-04-09,False
Hana,Echo Park,HipHop,UK,72,4,7,2021,2021-07-04,False
Gus,Echo Park,HipHop,US,130,28,3,2023,2023-03-28,True
Ben,Sol Fina,Pop,US,6,22,8,2021,2021-08-22,True
Gus,Marisol,Classical,UK,149,25,10,2021,2021-10-25,True
Ada,Echo Park,HipHop,UK,37,8,5,2021,2021-05-08,True
Dee,Riftwave,Rock,EU,18,18,7,2021,2021-07-18,True
Fay,Grův,Pop,US,162,8,12,2023,2023-12-08,False
Dee,Vantablack,Rock,JP,43,26,12,2021,2021-12-26,False
Fay,Grův,Pop,EU,115,28,2,2022,2022-02-28,False
Ben,Riftwave,Rock,JP,25,10,6,2022,2022-06-10,True
Eli,Marisol,Classical,EU,179,20,2,2023,2023-02-20,True
Fay,Sol Fina,Pop,US,184,21,9,2022,2022-09-21,False
Fay,Marisol,Classical,UK,138,11,8,2022,2022-08-11,True
Cy,Marisol,Classical,US,201,6,7,2023,2023-07-06,False
Cy,Riftwave,Rock,EU,105,28,6,2022,2022-06-28,True
Cy,K.Low,HipHop,UK,45,23,4,2023,2023-04-23,False
Dee,Blue Ember,Jazz,US,37,25,9,2023,2023-09-25,False
Eli,K.Low,HipHop,JP,53,11,1,2023,2023-01-11,False
Cy,Sol Fina,Pop,US,49,8,2,2021,2021-02-08,False
Dee,Sol Fina,Pop,UK,78,16,10,2021,2021-10-16,False
Cy,Sol Fina,Pop,EU,52,8,11,2022,2022-11-08,True
Ben,K.Low,HipHop,US,142,9,6,2022,2022-06-09,False
Fay,Grův,Pop,UK,36,8,11,2021,2021-11-08,False
Gus,Nova,Pop,EU,150,3,1,2022,2022-01-03,False
Cy,K.Low,HipHop,US,81,27,3,2021,2021-03-27,False
Gus,Riftwave,Rock,UK,165,15,9,2021,2021-09-15,True
Eli,K.Low,HipHop,US,124,8,5,2023,2023-05-08,False
Ben,Grův,Pop,EU,218,12,1,2021,2021-01-12,False
Cy,K.Low,HipHop,US,106,6,7,2023,2023-07-06,True
Ada,Grův,Pop,JP,71,7,1,2022,2022-01-07,True
Ada,Marisol,Classical,EU,142,4,6,2023,2023-06-04,True
Cy,Sol Fina,Pop,US,159,8,10,2021,2021-10-08,False
Dee,Marisol,Classical,US,106,27,6,2023,2023-06-27,True
Gus,Blue Ember,Jazz,UK,135,19,9,2022,2022-09-19,True
Ben,Echo Park,HipHop,EU,114,22,7,2023,2023-07-22,True
Gus,Grův,Pop,UK,74,10,3,2021,2021-03-10,False
Ben,Blue Ember,Jazz,US,76,24,5,2023,2023-05-24,True
Ben,Echo Park,HipHop,US,218,24,10,2021,2021-10-24,True
Fay,Blue Ember,Jazz,JP,163,28,1,2022,2022-01-28,False
Gus,Echo Park,HipHop,UK,23,19,2,2021,2021-02-19,True
Eli,Echo Park,HipHop,EU,231,11,11,2023,2023-11-11,False
Ada,Marisol,Classical,UK,171,4,12,2022,2022-12-04,False
Ada,Echo Park,HipHop,JP,13,11,12,2023,2023-12-11,True
Dee,Blue Ember,Jazz,US,175,15,9,2022,2022-09-15,False
Dee,Nova,Pop,US,142,23,6,2021,2021-06-23,True
Hana,Nova,Pop,JP,220,5,1,2022,2022-01-05,True
Cy,Marisol,Classical,JP,118,27,4,2022,2022-04-27,True
Ben,Grův,Pop,US,125,11,6,2021,2021-06-11,True
Hana,Riftwave,Rock,US,76,17,10,2023,2023-10-17,True
Ben,Marisol,Classical,UK,78,15,11,2023,2023-11-15,False
Ada,Echo Park,HipHop,UK,149,10,9,2022,2022-09-10,True
Dee,Blue Ember,Jazz,US,199,2,10,2022,2022-10-02,True
Dee,Echo Park,HipHop,EU,214,10,2,2023,2023-02-10,False
Eli,K.Low,HipHop,US,185,14,1,2023,2023-01-14,False
Hana,The Larks,Jazz,EU,147,10,3,2021,2021-03-10,True
Hana,Vantablack,Rock,US,121,5,8,2022,2022-08-05,True
Cy,Vantablack,Rock,US,82,1,5,2023,2023-05-01,True
Hana,Riftwave,Rock,EU,185,3,6,2023,2023-06-03,True
Fay,Marisol,Classical,US,77,15,10,2022,2022-10-15,False
Ada,The Larks,Jazz,EU,65,9,9,2023,2023-09-09,False
Hana,Nova,Pop,US,209,4,10,2022,2022-10-04,True
Ben,Echo Park,HipHop,JP,142,24,2,2022,2022-02-24,True
Eli,Marisol,Classical,EU,86,30,4,2022,2022-04-30,False
Gus,Echo Park,HipHop,EU,208,26,1,2023,2023-01-26,False
Ben,Sol Fina,Pop,US,232,29,8,2023,2023-08-29,True
Cy,Marisol,Classical,US,77,9,9,2021,2021-09-09,True
Dee,K.Low,HipHop,US,126,18,11,2021,2021-11-18,False
Hana,Sol Fina,Pop,UK,117,15,12,2022,2022-12-15,False
Ben,Riftwave,Rock,US,169,17,4,2023,2023-04-17,True
Fay,Vantablack,Rock,US,229,14,3,2022,2022-03-14,True
Dee,Nova,Pop,US,132,6,12,2022,2022-12-06,True
Ada,Sol Fina,Pop,US,192,8,1,2021,2021-01-08,True
Fay,Sol Fina,Pop,US,143,16,11,2021,2021-11-16,False
Gus,Nova,Pop,US,213,13,11,2023,2023-11-13,False
Eli,Echo Park,HipHop,US,98,24,9,2022,2022-09-24,False
Ben,Marisol,Classical,UK,93,9,8,2023,2023-08-09,True
Ben,Echo Park,HipHop,US,102,27,8,2021,2021-08-27,True
Dee,Nova,Pop,US,240,15,11,2021,2021-11-15,False
Eli,Riftwave,Rock,UK,147,4,12,2023,2023-12-04,False
Eli,Marisol,Classical,EU,37,29,12,2023,2023-12-29,True
Ben,Riftwave,Rock,US,10,19,8,2023,2023-08-19,True
Eli,K.Low,HipHop,UK,125,14,12,2021,2021-12-14,False
Cy,Sol Fina,Pop,JP,194,28,5,2023,2023-05-28,False
Fay,Riftwave,Rock,UK,116,18,5,2022,2022-05-18,False
Gus,Sol Fina,Pop,JP,135,14,7,2023,2023-07-14,False
Fay,Riftwave,Rock,EU,192,22,7,2023,2023-07-22,False
Ada,Riftwave,Rock,US,124,22,4,2022,2022-04-22,False
Hana,Vantablack,Rock,UK,219,30,11,2021,2021-11-30,True
Ada,Echo Park,HipHop,EU,154,4,12,2023,2023-12-04,False
Hana,Riftwave,Rock,JP,176,9,5,2022,2022-05-09,False
Ada,Blue Ember,Jazz,UK,188,18,4,2022,2022-04-18,True
Eli,Grův,Pop,US,151,30,12,2022,2022-12-30,False
Ada,Grův,Pop,UK,13,23,10,2023,2023-10-23,True
Ada,Vantablack,Rock,US,103,23,5,2021,2021-05-23,True
Fay,Marisol,Classical,EU,34,14,12,2023,2023-12-14,True
Fay,K.Low,HipHop,UK,123,8,4,2022,2022-04-08,False
Ada,Sol Fina,Pop,EU,35,29,1,2021,2021-01-29,False
Hana,Vantablack,Rock,EU,123,5,12,2021,2021-12-05,False
Cy,Blue Ember,Jazz,UK,83,22,5,2022,2022-05-22,False
Cy,Nova,Pop,UK,5,12,1,2023,2023-01-12,False
Cy,Riftwave,Rock,EU,30,13,9,2022,2022-09-13,False
Dee,Grův,Pop,EU,121,29,5,2021,2021-05-29,False
Ben,Marisol,Classical,EU,19,19,6,2022,2022-06-19,True
Dee,Marisol,Classical,US,206,12,9,2021,2021-09-12,False
Ben,Marisol,Classical,UK,183,23,10,2021,2021-10-23,False
Ada,Echo Park,HipHop,US,171,18,2,2023,2023-02-18,False
Cy,Nova,Pop,EU,42,30,5,2023,2023-05-30,True
Fay,Nova,Pop,UK,191,21,6,2021,2021-06-21,False
Gus,Blue Ember,Jazz,UK,153,22,10,2022,2022-10-22,False
Cy,Marisol,Classical,US,94,8,4,2022,2022-04-08,True
Cy,Sol Fina,Pop,US,1,4,1,2022,2022-01-04,False
Gus,Marisol,Classical,EU,127,20,2,2023,2023-02-20,True
Fay,Marisol,Classical,US,192,30,9,2021,2021-09-30,True
Gus,Grův,Pop,US,9,19,4,2023,2023-04-19,True
Hana,Riftwave,Rock,EU,13,15,3,2022,2022-03-15,False
Gus,Vantablack,Rock,EU,92,14,4,2021,2021-04-14,False
Hana,Vantablack,Rock,US,123,18,5,2023,2023-05-18,True
Dee,Marisol,Classical,US,114,22,7,2023,2023-07-22,False
Dee,The Larks,Jazz,JP,103,9,9,2022,2022-09-09,True
Cy,Blue Ember,Jazz,EU,62,4,3,2023,2023-03-04,False
Ben,Grův,Pop,UK,15,11,6,2021,2021-06-11,False
Fay,K.Low,HipHop,US,8,7,1,2022,2022-01-07,False
Fay,Vantablack,Rock,US,24,19,1,2022,2022-01-19,False
Gus,Vantablack,Rock,US,166,17,4,2023,2023-04-17,False
Ben,The Larks,Jazz,EU,189,21,1,2022,2022-01-21,False
Dee,Marisol,Classical,US,105,9,3,2023,2023-03-09,True
Ben,Blue Ember,Jazz,US,19,2,12,2021,2021-12-02,True
Hana,Nova,Pop,EU,100,20,10,2022,2022-10-20,True
Cy,K.Low,HipHop,JP,237,18,8,2021,2021-08-18,False
Ben,The Larks,Jazz,EU,60,4,9,2022,2022-09-04,False
Eli,Nova,Pop,UK,118,30,3,2021,2021-03-30,False
Hana,The Larks,Jazz,UK,130,16,3,2023,2023-03-16,True
Hana,Vantablack,Rock,UK,80,1,2,2021,2021-02-01,True
Ada,Riftwave,Rock,US,106,31,12,2023,2023-12-31,False
Cy,K.Low,HipHop,UK,114,8,7,2023,2023-07-08,False
Ben,Vantablack,Rock,UK,114,26,9,2022,2022-09-26,True
Cy,K.Low,HipHop,UK,173,23,9,2023,2023-09-23,True
Eli,Riftwave,Rock,EU,140,5,6,2023,2023-06-05,True
Cy,Sol Fina,Pop,JP,13,6,6,2021,2021-06-06,False
Ada,Sol Fina,Pop,US,2,26,3,2023,2023-03-26,True
Eli,Riftwave,Rock,US,99,18,2,2022,2022-02-18,True
Ada,Blue Ember,Jazz,US,218,27,7,2023,2023-07-27,False
Ben,Blue Ember,Jazz,US,9,4,8,2023,2023-08-04,True
Ada,Sol Fina,Pop,US,18,12,11,2023,2023-11-12,True
Ada,Echo Park,HipHop,US,164,9,5,2022,2022-05-09,True
Dee,Echo Park,HipHop,EU,109,31,7,2021,2021-07-31,False
Gus,Grův,Pop,UK,56,17,5,2021,2021-05-17,True
Gus,Echo Park,HipHop,JP,50,1,7,2021,2021-07-01,True
Ada,K.Low,HipHop,US,160,23,12,2023,2023-12-23,True
Ada,Riftwave,Rock,US,126,5,10,2022,2022-10-05,False
Cy,Sol Fina,Pop,UK,154,21,1,2022,2022-01-21,False
Fay,Grův,Pop,US,68,7,5,2022,2022-05-07,True
Fay,Grův,Pop,US,127,9,7,2021,2021-07-09,True
Gus,Blue Ember,Jazz,JP,207,17,9,2022,2022-09-17,True
Cy,Blue Ember,Jazz,US,76,12,4,2022,2022-04-12,False
Ben,Nova,Pop,US,96,24,5,2023,2023-05-24,False
Ada,Riftwave,Rock,UK,40,24,1,2021,2021-01-24,False
Ben,Vantablack,Rock,UK,154,18,10,2023,2023-10-18,True
Ada,Vantablack,Rock,UK,8,8,3,2021,2021-03-08,False
Gus,K.Low,HipHop,US,60,3,4,2022,2022-04-03,False
Cy,K.Low,HipHop,EU,172,8,1,2022,2022-01-08,True
Gus,The Larks,Jazz,US,5,26,2,2023,2023-02-26,True
Eli,Marisol,Classical,UK,238,22,12,2022,2022-12-22,True
Eli,The Larks,Jazz,EU,97,4,8,2021,2021-08-04,False
Dee,Grův,Pop,EU,96,22,6,2022,2022-06-22,False
Gus,K.Low,HipHop,US,129,9,8,2022,2022-08-09,False
Ada,Blue Ember,Jazz,UK,154,23,5,2022,2022-05-23,False
Ada,Grův,Pop,US,111,24,1,2021,2021-01-24,True
Dee,Sol Fina,Pop,US,213,15,7,2021,2021-07-15,True
Dee,Blue Ember,Jazz,US,231,6,7,2022,2022-07-06,True
Eli,Sol Fina,Pop,EU,49,13,10,2021,2021-10-13,False
Fay,Vantablack,Rock,US,170,21,8,2022,2022-08-21,False
Eli,Grův,Pop,EU,73,29,6,2021,2021-06-29,True
Cy,Blue Ember,Jazz,US,239,17,3,2023,2023-03-17,True
Cy,Grův,Pop,EU,61,26,7,2021,2021-07-26,False
Gus,Grův,Pop,EU,71,13,12,2022,2022-12-13,False
Ben,Riftwave,Rock,US,172,6,7,2023,2023-07-06,False
Eli,Riftwave,Rock,US,190,28,1,2022,2022-01-28,True
Eli,Vantablack,Rock,US,31,2,6,2021,2021-06-02,False
Gus,Nova,Pop,EU,134,7,1,2021,2021-01-07,False
Fay,Blue Ember,Jazz,US,83,30,1,2022,2022-01-30,False
Dee,Marisol,Classical,UK,147,7,5,2021,2021-05-07,False
Cy,Grův,Pop,UK,134,24,8,2023,2023-08-24,False
Cy,Grův,Pop,EU,237,2,12,2023,2023-12-02,False
Dee,Riftwave,Rock,UK,225,10,12,2023,2023-12-10,False
Ben,The Larks,Jazz,UK,157,7,10,2023,2023-10-07,True
Fay,Nova,Pop,JP,164,5,10,2022,2022-10-05,True
Ben,Echo Park,HipHop,US,216,22,12,2021,2021-12-22,False
Fay,The Larks,Jazz,EU,45,4,5,2022,2022-05-04,False
Gus,The Larks,Jazz,US,175,11,10,2021,2021-10-11,True
Hana,Blue Ember,Jazz,UK,186,10,7,2023,2023-07-10,True
Ada,The Larks,Jazz,EU,31,23,4,2022,2022-04-23,False
Gus,Riftwave,Rock,EU,212,26,2,2022,2022-02-26,False
Ada,Vantablack,Rock,EU,168,26,1,2023,2023-01-26,False
Cy,Marisol,Classical,US,84,14,2,2022,2022-02-14,False
Ben,K.Low,HipHop,UK,117,26,1,2022,2022-01-26,False
Ben,Nova,Pop,US,118,6,9,2021,2021-09-06,False
Ben,Echo Park,HipHop,UK,221,15,3,2021,2021-03-15,True
Ada,K.Low,HipHop,UK,233,11,2,2021,2021-02-11,True
Gus,Sol Fina,Pop,US,194,18,3,2022,2022-03-18,False
Ada,Marisol,Classical,US,157,26,12,2023,2023-12-26,True
Dee,K.Low,HipHop,US,25,13,10,2021,2021-10-13,False
Fay,The Larks,Jazz,US,220,3,12,2022,2022-12-03,False
Hana,Nova,Pop,US,33,22,12,2021,2021-12-22,False
Gus,Echo Park,HipHop,EU,41,28,11,2021,2021-11-28,True
Ben,Echo Park,HipHop,UK,17,28,6,2021,2021-06-28,False
Hana,K.Low,HipHop,US,228,9,9,2022,2022-09-09,True
Fay,Blue Ember,Jazz,EU,119,23,12,2022,2022-12-23,False
Ben,Nova,Pop,EU,57,19,1,2022,2022-01-19,True
Dee,Grův,Pop,US,20,31,7,2022,2022-07-31,False
Hana,Grův,Pop,US,99,6,6,2022,2022-06-06,False
Dee,Blue Ember,Jazz,US,174,24,10,2021,2021-10-24,True
Ben,Nova,Pop,US,239,28,1,2023,2023-01-28,True
Hana,Riftwave,Rock,EU,133,30,8,2022,2022-08-30,False
Hana,Nova,Pop,JP,146,14,3,2021,2021-03-14,True
Hana,The Larks,Jazz,US,201,24,6,2022,2022-06-24,True
Hana,The Larks,Jazz,EU,217,3,3,2022,2022-03-03,False
Gus,Riftwave,Rock,US,68,22,5,2023,2023-05-22,False
Dee,Echo Park,HipHop,UK,239,2,12,2021,2021-12-02,False
Ben,Riftwave,Rock,EU,125,13,11,2023,2023-11-13,True
Eli,K.Low,HipHop,US,224,5,11,2022,2022-11-05,False
Ben,Vantablack,Rock,US,29,24,5,2021,2021-05-24,False
Dee,Echo Park,HipHop,UK,24,18,3,2022,2022-03-18,False
Fay,The Larks,Jazz,JP,213,26,8,2023,2023-08-26,True
Hana,Nova,Pop,US,162,6,10,2021,2021-10-06,True
Cy,Riftwave,Rock,US,43,11,2,2023,2023-02-11,True
Cy,Blue Ember,Jazz,US,215,8,5,2023,2023-05-08,False
Fay,K.Low,HipHop,UK,25,29,1,2023,2023-01-29,True
Ada,Grův,Pop,UK,164,9,4,2021,2021-04-09,False
Eli,Echo Park,HipHop,EU,50,14,2,2022,2022-02-14,True
Fay,K.Low,HipHop,EU,17,17,1,2022,2022-01-17,True
Eli,Grův,Pop,EU,194,12,1,2022,2022-01-12,True
Dee,Marisol,Classical,EU,204,21,8,2023,2023-08-21,False
Gus,Vantablack,Rock,US,26,7,1,2021,2021-01-07,False
Cy,Marisol,Classical,UK,23,14,8,2022,2022-08-14,True
Fay,Riftwave,Rock,US,148,12,12,2023,2023-12-12,True
Dee,Grův,Pop,US,7,17,8,2023,2023-08-17,True
Ada,Nova,Pop,JP,180,27,10,2022,2022-10-27,False
Eli,Riftwave,Rock,EU,220,29,12,2023,2023-12-29,True
Ada,Blue Ember,Jazz,JP,181,17,3,2022,2022-03-17,False
Hana,Blue Ember,Jazz,UK,56,1,11,2022,2022-11-01,True
Eli,Riftwave,Rock,UK,46,19,8,2022,2022-08-19,True
Cy,Nova,Pop,UK,164,21,2,2021,2021-02-21,False
Dee,Sol Fina,Pop,US,15,14,2,2021,2021-02-14,False
Eli,Grův,Pop,US,130,10,9,2023,2023-09-10,True
Cy,Riftwave,Rock,UK,108,10,7,2021,2021-07-10,False
Cy,Blue Ember,Jazz,US,179,24,1,2022,2022-01-24,True
Dee,Vantablack,Rock,JP,49,14,11,2022,2022-11-14,True
Cy,Grův,Pop,US,183,23,9,2022,2022-09-23,True
Gus,Sol Fina,Pop,US,168,18,7,2022,2022-07-18,False
Ada,Echo Park,HipHop,EU,58,9,12,2023,2023-12-09,False
Gus,Vantablack,Rock,US,86,12,5,2023,2023-05-12,True
Cy,Marisol,Classical,JP,16,29,10,2023,2023-10-29,False
Eli,Riftwave,Rock,EU,108,23,12,2022,2022-12-23,False
Ben,The Larks,Jazz,US,63,9,12,2023,2023-12-09,False
Dee,The Larks,Jazz,EU,28,21,10,2022,2022-10-21,False
Gus,Nova,Pop,UK,135,17,8,2022,2022-08-17,False
Cy,Echo Park,HipHop,EU,137,12,6,2023,2023-06-12,False
Ben,Nova,Pop,EU,21,10,8,2023,2023-08-10,True
Eli,Echo Park,HipHop,EU,45,16,3,2021,2021-03-16,False
Ben,The Larks,Jazz,UK,20,25,9,2023,2023-09-25,False
Cy,Riftwave,Rock,US,163,27,1,2023,2023-01-27,False
Dee,Marisol,Classical,EU,82,10,9,2023,2023-09-10,False
Eli,Riftwave,Rock,JP,18,23,2,2023,2023-02-23,True
Fay,Vantablack,Rock,UK,46,12,10,2023,2023-10-12,False
Fay,Grův,Pop,EU,235,29,10,2021,2021-10-29,True
Gus,Nova,Pop,UK,62,25,7,2021,2021-07-25,False
Ada,K.Low,HipHop,EU,165,3,8,2021,2021-08-03,True
Cy,Grův,Pop,JP,113,4,10,2021,2021-10-04,True
Ada,K.Low,HipHop,US,44,23,8,2021,2021-08-23,False
Ada,Riftwave,Rock,US,74,29,4,2022,2022-04-29,False
Ben,Marisol,Classical,UK,4,5,8,2021,2021-08-05,False
Eli,Vantablack,Rock,UK,180,23,6,2021,2021-06-23,False
Hana,Sol Fina,Pop,UK,81,28,7,2022,2022-07-28,True
Gus,K.Low,HipHop,US,120,19,5,2023,2023-05-19,False
Fay,Grův,Pop,UK,37,29,5,2021,2021-05-29,True
Gus,Vantablack,Rock,UK,198,14,7,2022,2022-07-14,False
Ben,Blue Ember,Jazz,UK,53,23,12,2022,2022-12-23,False
Gus,Grův,Pop,EU,136,12,2,2023,2023-02-12,True
Hana,Grův,Pop,EU,210,26,4,2021,2021-04-26,False
Ada,Marisol,Classical,UK,172,15,3,2023,2023-03-15,False
Dee,Nova,Pop,EU,145,30,1,2021,2021-01-30,True
Gus,Vantablack,Rock,UK,214,17,9,2021,2021-09-17,False
Dee,Vantablack,Rock,UK,43,16,12,2021,2021-12-16,False
Gus,Riftwave,Rock,UK,232,24,7,2023,2023-07-24,True
Hana,Sol Fina,Pop,US,134,30,7,2021,2021-07-30,False
Dee,The Larks,Jazz,US,99,7,5,2023,2023-05-07,True
Ada,Riftwave,Rock,UK,62,19,12,2023,2023-12-19,True
Cy,Echo Park,HipHop,EU,179,18,11,2023,2023-11-18,False
Ben,Riftwave,Rock,EU,235,28,11,2021,2021-11-28,True
Dee,Echo Park,HipHop,US,166,15,4,2021,2021-04-15,True
Eli,Marisol,Classical,UK,8,1,9,2021,2021-09-01,False
Dee,Nova,Pop,US,113,22,4,2023,2023-04-22,True
Ben,Grův,Pop,EU,176,4,8,2021,2021-08-04,False
Cy,Riftwave,Rock,EU,96,8,12,2022,2022-12-08,False
Fay,Vantablack,Rock,UK,186,14,2,2022,2022-02-14,True
Ada,Riftwave,Rock,UK,170,20,4,2023,2023-04-20,False
Ben,Grův,Pop,US,17,26,10,2022,2022-10-26,True
Hana,Echo Park,HipHop,UK,134,4,10,2022,2022-10-04,False
Ada,The Larks,Jazz,EU,42,7,5,2023,2023-05-07,True
Dee,Marisol,Classical,EU,117,12,11,2023,2023-11-12,False
Ben,Marisol,Classical,UK,93,4,2,2022,2022-02-04,True
Ada,Sol Fina,Pop,US,194,3,8,2022,2022-08-03,False
Dee,Echo Park,HipHop,US,209,17,11,2022,2022-11-17,True
Eli,The Larks,Jazz,US,111,21,6,2023,2023-06-21,True
Ben,Nova,Pop,US,129,12,6,2022,2022-06-12,False
Ada,Sol Fina,Pop,US,151,15,2,2022,2022-02-15,False
Ben,Riftwave,Rock,JP,158,16,7,2023,2023-07-16,False
Fay,Blue Ember,Jazz,UK,153,10,11,2023,2023-11-10,True
Gus,The Larks,Jazz,US,188,16,9,2022,2022-09-16,True
Ben,Blue Ember,Jazz,US,236,24,4,2021,2021-04-24,True
Cy,Echo Park,HipHop,US,199,14,11,2021,2021-11-14,True
Cy,Marisol,Classical,EU,33,22,5,2022,2022-05-22,False
Cy,Blue Ember,Jazz,US,115,10,2,2023,2023-02-10,False
Ben,K.Low,HipHop,EU,111,4,1,2023,2023-01-04,False
Ada,Vantablack,Rock,EU,123,17,6,2023,2023-06-17,True
Eli,Echo Park,HipHop,US,127,2,2,2021,2021-02-02,True
Cy,Sol Fina,Pop,UK,173,25,5,2022,2022-05-25,False
Cy,Grův,Pop,JP,102,7,2,2023,2023-02-07,True
Cy,The Larks,Jazz,UK,64,17,12,2023,2023-12-17,False
Hana,Echo Park,HipHop,US,110,5,6,2021,2021-06-05,True
Eli,Sol Fina,Pop,JP,206,21,8,2023,2023-08-21,True
Dee,Blue Ember,Jazz,EU,75,9,1,2021,2021-01-09,False
Ben,Marisol,Classical,UK,5,4,8,2021,2021-08-04,True
Gus,Riftwave,Rock,UK,235,17,7,2023,2023-07-17,False
Hana,K.Low,HipHop,US,47,12,5,2023,2023-05-12,True
Ada,Grův,Pop,EU,145,2,12,2023,2023-12-02,True
Hana,Marisol,Classical,UK,193,21,10,2022,2022-10-21,True
Fay,Riftwave,Rock,US,66,6,11,2022,2022-11-06,True
Ada,Sol Fina,Pop,EU,82,9,8,2022,2022-08-09,False
Gus,Grův,Pop,JP,68,15,7,2022,2022-07-15,True
Ada,The Larks,Jazz,EU,36,17,7,2022,2022-07-17,False
Ada,Blue Ember,Jazz,US,37,17,11,2021,2021-11-17,False
Ada,Marisol,Classical,US,45,24,7,2023,2023-07-24,True
Dee,Vantablack,Rock,JP,110,26,1,2022,2022-01-26,True
Eli,Blue Ember,Jazz,JP,128,31,10,2022,2022-10-31,True
Dee,Blue Ember,Jazz,UK,4,3,1,2023,2023-01-03,False
Ada,Blue Ember,Jazz,UK,204,12,8,2022,2022-08-12,False
Ben,Grův,Pop,UK,163,1,11,2022,2022-11-01,True
Gus,Echo Park,HipHop,UK,17,23,2,2021,2021-02-23,False
Hana,The Larks,Jazz,US,203,12,12,2021,2021-12-12,False
Gus,The Larks,Jazz,US,8,6,5,2022,2022-05-06,True
Ada,Grův,Pop,US,135,8,3,2022,2022-03-08,True
Gus,Riftwave,Rock,EU,112,22,9,2023,2023-09-22,False
Fay,The Larks,Jazz,US,121,10,9,2023,2023-09-10,True
Eli,Nova,Pop,US,230,19,2,2023,2023-02-19,True
Ben,Marisol,Classical,UK,223,21,1,2022,2022-01-21,True
Hana,Vantablack,Rock,US,67,25,2,2021,2021-02-25,False
Dee,K.Low,HipHop,US,140,7,4,2023,2023-04-07,False
Ada,Riftwave,Rock,UK,231,26,8,2023,2023-08-26,True
Ben,Riftwave,Rock,US,175,21,6,2022,2022-06-21,False
Dee,The Larks,Jazz,UK,214,25,6,2023,2023-06-25,False
Ada,K.Low,HipHop,JP,105,17,10,2023,2023-10-17,True
Cy,K.Low,HipHop,US,68,22,8,2022,2022-08-22,False
Dee,Grův,Pop,JP,123,18,8,2021,2021-08-18,True
Hana,Riftwave,Rock,JP,197,25,1,2021,2021-01-25,True
Ada,Grův,Pop,EU,223,9,4,2023,2023-04-09,False
Eli,Grův,Pop,UK,165,8,9,2022,2022-09-08,False
Hana,Vantablack,Rock,UK,170,18,6,2021,2021-06-18,True
Gus,Riftwave,Rock,UK,123,1,3,2021,2021-03-01,False
Hana,Riftwave,Rock,EU,77,28,11,2023,2023-11-28,False
Ben,Blue Ember,Jazz,US,102,17,12,2021,2021-12-17,True
Gus,Vantablack,Rock,JP,120,25,12,2021,2021-12-25,False
Hana,Riftwave,Rock,UK,196,20,11,2022,2022-11-20,False
Cy,Marisol,Classical,EU,134,4,2,2022,2022-02-04,True
Dee,Riftwave,Rock,US,191,27,9,2023,2023-09-27,False
Eli,Vantablack,Rock,US,7,16,1,2023,2023-01-16,True
Dee,Nova,Pop,UK,182,27,1,2022,2022-01-27,True
Cy,Echo Park,HipHop,UK,122,19,10,2021,2021-10-19,False
Hana,Nova,Pop,UK,240,31,7,2023,2023-07-31,False
Hana,Riftwave,Rock,US,114,10,10,2022,2022-10-10,False
Dee,Riftwave,Rock,US,115,3,10,2023,2023-10-03,False
Gus,The Larks,Jazz,UK,31,13,1,2022,2022-01-13,False
Dee,Nova,Pop,US,194,24,1,2021,2021-01-24,True
Gus,Marisol,Classical,JP,169,12,9,2023,2023-09-12,False
Eli,Vantablack,Rock,US,207,20,9,2021,2021-09-20,False
Dee,Vantablack,Rock,US,23,15,7,2023,2023-07-15,False
Ben,Sol Fina,Pop,US,51,17,2,2023,2023-02-17,False
Fay,The Larks,Jazz,UK,211,11,9,2021,2021-09-11,True
Cy,K.Low,HipHop,UK,11,9,4,2023,2023-04-09,True
Ben,The Larks,Jazz,UK,122,31,3,2021,2021-03-31,True
Ben,K.Low,HipHop,JP,98,6,3,2022,2022-03-06,True
Hana,Grův,Pop,US,226,26,1,2022,2022-01-26,False
Ada,Vantablack,Rock,EU,206,21,12,2022,2022-12-21,False
Gus,Echo Park,HipHop,US,216,9,8,2022,2022-08-09,True
Gus,The Larks,Jazz,US,70,2,11,2022,2022-11-02,True
Ada,Echo Park,HipHop,UK,142,6,6,2022,2022-06-06,False
Eli,The Larks,Jazz,US,169,22,3,2023,2023-03-22,True
Eli,Vantablack,Rock,UK,233,25,6,2021,2021-06-25,False
Cy,Nova,Pop,EU,2,26,2,2023,2023-02-26,True
Fay,Marisol,Classical,EU,235,24,2,2021,2021-02-24,True
Dee,Riftwave,Rock,UK,86,5,4,2021,2021-04-05,True
Dee,The Larks,Jazz,UK,31,4,3,2023,2023-03-04,False
Dee,Blue Ember,Jazz,US,148,23,6,2021,2021-06-23,True
Gus,Blue Ember,Jazz,US,188,24,4,2023,2023-04-24,False
Fay,Blue Ember,Jazz,US,32,26,5,2021,2021-05-26,True
Dee,Sol Fina,Pop,EU,10,10,6,2021,2021-06-10,True
Hana,Vantablack,Rock,JP,216,19,10,2023,2023-10-19,False
Gus,Grův,Pop,US,225,14,7,2021,2021-07-14,True
Hana,Marisol,Classical,UK,38,28,9,2023,2023-09-28,True
Fay,Blue Ember,Jazz,EU,217,17,1,2022,2022-01-17,False
Dee,Nova,Pop,EU,219,24,5,2023,2023-05-24,False
Gus,Nova,Pop,UK,240,26,10,2023,2023-10-26,True
Cy,K.Low,HipHop,UK,52,8,5,2021,2021-05-08,True
Cy,Grův,Pop,EU,139,28,12,2021,2021-12-28,False
Dee,Vantablack,Rock,EU,239,21,9,2022,2022-09-21,False
Hana,The Larks,Jazz,US,217,6,8,2023,2023-08-06,False
Eli,Riftwave,Rock,JP,146,25,7,2021,2021-07-25,False
Dee,Nova,Pop,US,48,24,7,2021,2021-07-24,False
Dee,The Larks,Jazz,EU,21,8,2,2022,2022-02-08,True
Cy,Riftwave,Rock,US,63,13,8,2021,2021-08-13,True
Fay,Nova,Pop,US,16,20,10,2021,2021-10-20,False
Cy,Marisol,Classical,US,47,23,5,2021,2021-05-23,False
Eli,Grův,Pop,UK,18,27,6,2023,2023-06-27,False
Cy,Sol Fina,Pop,US,183,23,5,2023,2023-05-23,False
Cy,Nova,Pop,US,142,8,6,2021,2021-06-08,True
Hana,The Larks,Jazz,UK,125,11,8,2022,2022-08-11,False
Cy,The Larks,Jazz,UK,195,9,12,2022,2022-12-09,False
Ada,The Larks,Jazz,EU,99,19,11,2022,2022-11-19,False
Dee,Grův,Pop,EU,97,14,12,2023,2023-12-14,False
Eli,Blue Ember,Jazz,EU,50,4,12,2022,2022-12-04,False
Ada,Grův,Pop,US,107,23,1,2023,2023-01-23,True
Cy,K.Low,HipHop,US,42,5,2,2021,2021-02-05,False
Ben,The Larks,Jazz,JP,142,28,3,2021,2021-03-28,False
Eli,Vantablack,Rock,US,240,9,11,2022,2022-11-09,False
Fay,Echo Park,HipHop,UK,128,22,9,2023,2023-09-22,True
Hana,Sol Fina,Pop,JP,72,13,3,2022,2022-03-13,False
Dee,Sol Fina,Pop,JP,166,6,12,2022,2022-12-06,False
Gus,Sol Fina,Pop,UK,197,19,8,2021,2021-08-19,False
Ben,Echo Park,HipHop,EU,114,15,5,2022,2022-05-15,True
Gus,Echo Park,HipHop,UK,61,3,4,2023,2023-04-03,False
Eli,Riftwave,Rock,EU,172,24,12,2022,2022-12-24,False
Gus,The Larks,Jazz,US,45,6,5,2021,2021-05-06,False
Gus,Vantablack,Rock,US,240,21,8,2023,2023-08-21,False
Eli,K.Low,HipHop,UK,77,13,10,2023,2023-10-13,True
Cy,Vantablack,Rock,US,85,7,6,2022,2022-06-07,False
Eli,Grův,Pop,EU,175,9,1,2022,2022-01-09,False
Gus,The Larks,Jazz,US,3,5,8,2022,2022-08-05,False
Hana,The Larks,Jazz,EU,49,28,5,2023,2023-05-28,True
Hana,Marisol,Classical,EU,31,11,5,2022,2022-05-11,False
Ben,Echo Park,HipHop,UK,94,2,2,2021,2021-02-02,True
Eli,K.Low,HipHop,EU,133,21,3,2021,2021-03-21,False
Ada,Sol Fina,Pop,US,44,8,6,2023,2023-06-08,False
Fay,Sol Fina,Pop,UK,83,12,5,2023,2023-05-12,True
Hana,Blue Ember,Jazz,US,186,26,4,2023,2023-04-26,False
Ada,Blue Ember,Jazz,EU,226,19,5,2021,2021-05-19,False
Fay,Nova,Pop,EU,4,6,7,2021,2021-07-06,False
Hana,Riftwave,Rock,JP,151,9,3,2022,2022-03-09,True
Gus,Marisol,Classical,EU,7,10,9,2021,2021-09-10,False
Dee,Marisol,Classical,JP,125,28,2,2022,2022-02-28,True
Ada,Riftwave,Rock,US,212,4,9,2022,2022-09-04,False
Hana,Marisol,Classical,JP,192,3,11,2021,2021-11-03,False
Hana,Sol Fina,Pop,UK,56,16,5,2021,2021-05-16,True
Eli,Blue Ember,Jazz,UK,63,17,3,2022,2022-03-17,False
Hana,K.Low,HipHop,UK,189,3,3,2023,2023-03-03,False
Ada,K.Low,HipHop,US,197,8,11,2022,2022-11-08,False
Eli,Vantablack,Rock,US,68,19,12,2021,2021-12-19,True
Ada,K.Low,HipHop,US,1,7,12,2021,2021-12-07,True
Hana,Echo Park,HipHop,US,107,2,10,2022,2022-10-02,False
Fay,K.Low,HipHop,UK,149,8,7,2021,2021-07-08,True
Hana,Marisol,Classical,EU,107,2,7,2023,2023-07-02,False
Eli,K.Low,HipHop,UK,225,10,8,2023,2023-08-10,True
Ada,Riftwave,Rock,UK,196,28,1,2021,2021-01-28,True
Ada,Sol Fina,Pop,UK,190,30,11,2023,2023-11-30,False
Cy,Blue Ember,Jazz,UK,5,26,1,2021,2021-01-26,True
Fay,Blue Ember,Jazz,US,205,18,5,2022,2022-05-18,False
Ben,Echo Park,HipHop,EU,182,1,1,2023,2023-01-01,True
Gus,Grův,Pop,US,96,25,12,2021,2021-12-25,False
Ben,Sol Fina,Pop,EU,142,11,8,2021,2021-08-11,True
Dee,Grův,Pop,EU,198,21,2,2021,2021-02-21,False
Ben,The Larks,Jazz,UK,218,8,3,2023,2023-03-08,False
Dee,Marisol,Classical,EU,133,10,2,2021,2021-02-10,True
Dee,Echo Park,HipHop,US,10,15,6,2022,2022-06-15,False
Ada,K.Low,HipHop,EU,149,7,3,2022,2022-03-07,True
Eli,Marisol,Classical,EU,164,26,11,2023,2023-11-26,False
Gus,Vantablack,Rock,EU,15,16,10,2023,2023-10-16,True
Hana,Grův,Pop,EU,197,15,6,2023,2023-06-15,False
Cy,The Larks,Jazz,EU,49,12,3,2023,2023-03-12,True
Hana,Marisol,Classical,JP,214,18,8,2022,2022-08-18,False
Hana,Sol Fina,Pop,UK,133,18,1,2022,2022-01-18,False
Hana,Blue Ember,Jazz,EU,78,2,7,2021,2021-07-02,False
Cy,The Larks,Jazz,EU,15,27,11,2023,2023-11-27,True
Gus,Vantablack,Rock,UK,5,26,2,2022,2022-02-26,True
Eli,Vantablack,Rock,JP,178,15,4,2022,2022-04-15,True
Ada,Echo Park,HipHop,US,91,4,6,2021,2021-06-04,False
Cy,Sol Fina,Pop,UK,202,31,10,2021,2021-10-31,False
Fay,Nova,Pop,US,56,26,11,2022,2022-11-26,True
Ben,Blue Ember,Jazz,US,221,12,4,2022,2022-04-12,False
Dee,Riftwave,Rock,EU,226,4,10,2022,2022-10-04,True
Gus,Echo Park,HipHop,US,25,20,8,2021,2021-08-20,True
Ben,Nova,Pop,US,156,31,3,2021,2021-03-31,False
Dee,Blue Ember,Jazz,US,226,28,8,2023,2023-08-28,True
Ben,Vantablack,Rock,UK,78,19,4,2022,2022-04-19,True
Eli,Sol Fina,Pop,EU,17,31,1,2022,2022-01-31,False
Ben,Vantablack,Rock,EU,211,10,11,2021,2021-11-10,True
Hana,The Larks,Jazz,US,114,22,12,2022,2022-12-22,False
Ada,Grův,Pop,UK,7,9,9,2022,2022-09-09,False
Hana,Riftwave,Rock,UK,202,3,3,2022,2022-03-03,False
Gus,Grův,Pop,UK,163,17,10,2023,2023-10-17,False
Gus,Sol Fina,Pop,UK,17,15,9,2023,2023-09-15,False
Gus,Sol Fina,Pop,US,63,6,8,2021,2021-08-06,True
Ben,Nova,Pop,UK,5,5,12,2022,2022-12-05,False
Hana,Sol Fina,Pop,UK,230,27,11,2023,2023-11-27,False
Eli,Echo Park,HipHop,UK,6,19,6,2022,2022-06-19,False
Hana,Vantablack,Rock,UK,192,3,2,2021,2021-02-03,True
Hana,Nova,Pop,EU,123,25,5,2021,2021-05-25,False
Eli,Vantablack,Rock,EU,140,2,1,2023,2023-01-02,False
Cy,Grův,Pop,US,195,15,9,2023,2023-09-15,True
Ada,Echo Park,HipHop,EU,215,21,5,2021,2021-05-21,False
Ada,Riftwave,Rock,EU,31,22,8,2022,2022-08-22,True
Dee,Grův,Pop,US,5,29,6,2022,2022-06-29,True
Gus,Grův,Pop,UK,30,9,11,2021,2021-11-09,False
Eli,Riftwave,Rock,US,164,23,11,2022,2022-11-23,False
Dee,The Larks,Jazz,EU,137,20,8,2023,2023-08-20,True
Ben,Marisol,Classical,US,21,19,9,2021,2021-09-19,True
Eli,Vantablack,Rock,EU,57,1,3,2021,2021-03-01,True
Fay,Marisol,Classical,US,129,29,1,2022,2022-01-29,False
Hana,Echo Park,HipHop,UK,176,10,12,2021,2021-12-10,False
Fay,Grův,Pop,JP,83,8,3,2023,2023-03-08,False
Eli,Echo Park,HipHop,US,228,11,8,2022,2022-08-11,True
Hana,Grův,Pop,EU,239,20,1,2021,2021-01-20,False
Dee,Grův,Pop,JP,184,8,1,2022,2022-01-08,False
Hana,Nova,Pop,EU,110,16,3,2023,2023-03-16,False
Cy,Blue Ember,Jazz,US,211,7,6,2022,2022-06-07,True
Ben,Echo Park,HipHop,EU,175,9,9,2022,2022-09-09,True
Dee,Vantablack,Rock,US,125,17,10,2021,2021-10-17,False
Ben,Nova,Pop,US,107,16,12,2021,2021-12-16,False
Ada,Nova,Pop,EU,200,23,5,2021,2021-05-23,True
Hana,Vantablack,Rock,EU,134,31,3,2021,2021-03-31,False
Gus,Sol Fina,Pop,UK,44,10,2,2021,2021-02-10,True
Ben,Riftwave,Rock,US,240,15,11,2022,2022-11-15,True
Gus,Riftwave,Rock,EU,17,22,6,2021,2021-06-22,False
Ada,Riftwave,Rock,EU,167,21,9,2022,2022-09-21,False
Cy,Vantablack,Rock,UK,158,10,11,2023,2023-11-10,True
Fay,Nova,Pop,EU,141,3,2,2023,2023-02-03,False
Cy,Vantablack,Rock,US,13,23,9,2022,2022-09-23,False
Fay,Marisol,Classical,US,119,8,5,2021,2021-05-08,True
Gus,Marisol,Classical,UK,215,20,6,2022,2022-06-20,False
Ada,Sol Fina,Pop,JP,58,3,9,2023,2023-09-03,False
Ada,Vantablack,Rock,US,166,25,2,2022,2022-02-25,False
Hana,Echo Park,HipHop,US,207,24,6,2023,2023-06-24,False
Eli,Echo Park,HipHop,US,229,15,2,2023,2023-02-15,False
Eli,Grův,Pop,EU,124,20,10,2021,2021-10-20,True
Dee,Echo Park,HipHop,US,76,4,6,2021,2021-06-04,True
Dee,Vantablack,Rock,UK,168,19,1,2021,2021-01-19,False
Fay,Marisol,Classical,JP,117,30,10,2021,2021-10-30,False
Eli,Blue Ember,Jazz,US,151,31,12,2021,2021-12-31,True
Ben,Vantablack,Rock,UK,179,20,12,2022,2022-12-20,True
Fay,Riftwave,Rock,UK,171,19,9,2022,2022-09-19,False
Fay,Grův,Pop,EU,59,9,6,2022,2022-06-09,True
Ada,The Larks,Jazz,US,182,3,3,2023,2023-03-03,True
Dee,Riftwave,Rock,UK,131,24,4,2023,2023-04-24,False
Gus,Echo Park,HipHop,US,224,21,2,2023,2023-02-21,False
Eli,Riftwave,Rock,EU,159,10,9,2023,2023-09-10,False
Ben,Echo Park,HipHop,EU,215,29,1,2022,2022-01-29,False
Ada,Nova,Pop,US,235,21,6,2023,2023-06-21,True
Eli,Marisol,Classical,US,239,6,4,2022,2022-04-06,False
Dee,Sol Fina,Pop,EU,179,21,7,2021,2021-07-21,True
Hana,Echo Park,HipHop,US,144,9,6,2021,2021-06-09,True
Eli,Marisol,Classical,US,29,11,4,2021,2021-04-11,False
Hana,Grův,Pop,UK,93,13,11,2023,2023-11-13,False
Ben,Echo Park,HipHop,US,115,5,7,2021,2021-07-05,False
Dee,Blue Ember,Jazz,US,188,4,7,2023,2023-07-04,True
Ben,Sol Fina,Pop,UK,142,8,5,2023,2023-05-08,False
Eli,Echo Park,HipHop,US,106,26,4,2022,2022-04-26,False
Ben,K.Low,HipHop,UK,36,28,9,2023,2023-09-28,False
Dee,Echo Park,HipHop,EU,172,22,9,2023,2023-09-22,False
Cy,The Larks,Jazz,UK,104,11,10,2023,2023-10-11,True
Ben,The Larks,Jazz,US,9,29,6,2022,2022-06-29,False
Ada,Echo Park,HipHop,EU,69,23,11,2021,2021-11-23,False
Eli,Sol Fina,Pop,US,212,17,2,2021,2021-02-17,False
Hana,Blue Ember,Jazz,EU,29,10,7,2023,2023-07-10,False
Ben,Echo Park,HipHop,US,98,14,8,2023,2023-08-14,False
Dee,K.Low,HipHop,EU,123,11,8,2022,2022-08-11,True
Ben,Vantablack,Rock,US,21,19,3,2021,2021-03-19,True
Gus,K.Low,HipHop,US,40,20,6,2023,2023-06-20,False
Dee,K.Low,HipHop,UK,226,23,11,2021,2021-11-23,False
Hana,Riftwave,Rock,US,142,24,8,2022,2022-08-24,False
Ben,Grův,Pop,US,51,24,12,2022,2022-12-24,True
Ada,Riftwave,Rock,EU,41,9,6,2021,2021-06-09,True
Eli,Nova,Pop,EU,103,10,3,2021,2021-03-10,False
Fay,Grův,Pop,US,174,28,3,2021,2021-03-28,False
Hana,Vantablack,Rock,EU,176,17,11,2023,2023-11-17,True
Gus,Marisol,Classical,EU,47,15,11,2023,2023-11-15,False
Hana,Echo Park,HipHop,EU,175,13,4,2022,2022-04-13,True
Fay,K.Low,HipHop,EU,216,12,4,2022,2022-04-12,False
Cy,Riftwave,Rock,EU,55,22,3,2022,2022-03-22,True
Dee,Echo Park,HipHop,UK,7,19,1,2022,2022-01-19,True
Ben,Riftwave,Rock,EU,231,19,8,2022,2022-08-19,True
Dee,Vantablack,Rock,JP,126,26,1,2022,2022-01-26,False
Cy,Grův,Pop,US,187,6,11,2022,2022-11-06,False
Ada,Grův,Pop,US,77,19,2,2022,2022-02-19,False
Ben,K.Low,HipHop,US,72,21,11,2022,2022-11-21,False
Eli,Echo Park,HipHop,JP,55,1,11,2023,2023-11-01,True
Cy,Sol Fina,Pop,UK,53,14,8,2021,2021-08-14,True
Hana,Marisol,Classical,EU,114,10,3,2021,2021-03-10,False
Dee,Riftwave,Rock,EU,26,31,7,2022,2022-07-31,True
Hana,K.Low,HipHop,JP,203,11,5,2021,2021-05-11,False
Fay,Sol Fina,Pop,US,123,11,9,2021,2021-09-11,False
Ada,Grův,Pop,EU,220,15,5,2023,2023-05-15,False
Ben,Nova,Pop,EU,121,3,4,2022,2022-04-03,True
Fay,Echo Park,HipHop,US,73,25,8,2022,2022-08-25,False
Eli,The Larks,Jazz,EU,124,30,4,2023,2023-04-30,True
Cy,Grův,Pop,US,38,21,5,2021,2021-05-21,True
Eli,Marisol,Classical,UK,198,9,6,2022,2022-06-09,False
Hana,Riftwave,Rock,UK,173,7,2,2021,2021-02-07,False
Dee,Blue Ember,Jazz,US,36,1,7,2022,2022-07-01,False
Ada,The Larks,Jazz,US,140,3,9,2021,2021-09-03,True
Cy,The Larks,Jazz,US,130,25,9,2023,2023-09-25,False
Hana,Sol Fina,Pop,US,49,13,10,2021,2021-10-13,False
Gus,Riftwave,Rock,UK,30,8,8,2021,2021-08-08,False
Gus,Riftwave,Rock,US,183,16,1,2021,2021-01-16,False
Hana,Marisol,Classical,US,64,26,5,2021,2021-05-26,True
Ada,Vantablack,Rock,EU,125,25,8,2021,2021-08-25,False
Cy,Nova,Pop,EU,60,7,9,2021,2021-09-07,False
Ada,Sol Fina,Pop,UK,157,20,3,2023,2023-03-20,False
Ada,Vantablack,Rock,JP,12,30,8,2023,2023-08-30,False
Gus,Nova,Pop,US,87,26,7,2023,2023-07-26,False
Hana,Nova,Pop,EU,132,14,11,2023,2023-11-14,False
Ben,Marisol,Classical,US,106,11,9,2023,2023-09-11,False
Fay,Echo Park,HipHop,EU,147,14,5,2022,2022-05-14,True
Eli,The Larks,Jazz,JP,44,3,3,2022,2022-03-03,True
Ada,Marisol,Classical,EU,107,12,12,2022,2022-12-12,False
Hana,Blue Ember,Jazz,UK,182,16,12,2021,2021-12-16,False
Gus,Grův,Pop,UK,81,24,10,2022,2022-10-24,False
Eli,Marisol,Classical,US,38,31,12,2023,2023-12-31,False
Fay,K.Low,HipHop,EU,204,5,8,2021,2021-08-05,False
Dee,Marisol,Classical,EU,187,23,4,2023,2023-04-23,True
Gus,Nova,Pop,JP,164,22,10,2023,2023-10-22,True
Dee,K.Low,HipHop,UK,192,12,8,2022,2022-08-12,False
Hana,Vantablack,Rock,US,187,25,1,2022,2022-01-25,False
Ada,Grův,Pop,UK,180,6,10,2021,2021-10-06,False
Ben,Echo Park,HipHop,US,123,3,7,2021,2021-07-03,False
Hana,Echo Park,HipHop,US,5,18,12,2021,2021-12-18,False
Cy,Vantablack,Rock,US,144,29,3,2023,2023-03-29,False
Cy,Riftwave,Rock,EU,66,19,7,2022,2022-07-19,False
Gus,K.Low,HipHop,US,186,31,8,2021,2021-08-31,True
Ben,Grův,Pop,US,113,17,8,2022,2022-08-17,False
Eli,Nova,Pop,US,218,5,6,2023,2023-06-05,False
Cy,The Larks,Jazz,EU,143,15,1,2021,2021-01-15,True
Ben,Sol Fina,Pop,EU,133,23,1,2021,2021-01-23,False
Hana,Blue Ember,Jazz,US,221,17,11,2023,2023-11-17,False
Ben,Echo Park,HipHop,US,115,31,3,2023,2023-03-31,False
Ada,The Larks,Jazz,UK,91,23,9,2022,2022-09-23,False
Fay,Nova,Pop,US,90,20,9,2023,2023-09-20,True
Gus,Riftwave,Rock,UK,211,8,10,2022,2022-10-08,True
Ben,Sol Fina,Pop,UK,182,25,7,2022,2022-07-25,True
Fay,Grův,Pop,JP,40,20,8,2021,2021-08-20,True
Eli,Nova,Pop,US,119,7,6,2023,2023-06-07,False
Gus,Sol Fina,Pop,EU,90,18,4,2023,2023-04-18,False
Ben,Riftwave,Rock,US,156,20,11,2021,2021-11-20,False
Hana,Sol Fina,Pop,JP,13,19,3,2023,2023-03-19,True
Eli,Sol Fina,Pop,JP,172,8,3,2023,2023-03-08,True
Gus,Nova,Pop,EU,179,15,4,2021,2021-04-15,True
Cy,Sol Fina,Pop,UK,55,25,6,2021,2021-06-25,False
Hana,The Larks,Jazz,US,37,14,10,2022,2022-10-14,True
Fay,The Larks,Jazz,EU,151,14,11,2022,2022-11-14,False
Ben,Nova,Pop,EU,62,22,12,2022,2022-12-22,False
Hana,Blue Ember,Jazz,US,226,13,2,2022,2022-02-13,False
Gus,Blue Ember,Jazz,UK,187,4,7,2023,2023-07-04,True
Cy,Marisol,Classical,UK,230,3,5,2022,2022-05-03,True
Eli,Riftwave,Rock,EU,129,14,8,2021,2021-08-14,False
Dee,The Larks,Jazz,EU,226,7,5,2021,2021-05-07,False
Eli,Echo Park,HipHop,UK,4,20,8,2023,2023-08-20,True
Hana,The Larks,Jazz,UK,70,14,2,2023,2023-02-14,False
Hana,Riftwave,Rock,US,1,21,5,2022,2022-05-21,False
Ben,Nova,Pop,US,163,18,8,2021,2021-08-18,False
Hana,Grův,Pop,US,123,16,4,2021,2021-04-16,True
Dee,Blue Ember,Jazz,EU,70,17,6,2021,2021-06-17,True
Fay,Sol Fina,Pop,UK,74,26,4,2021,2021-04-26,True
Gus,Grův,Pop,UK,155,3,8,2022,2022-08-03,True
Dee,Nova,Pop,US,44,5,8,2021,2021-08-05,False
Dee,Nova,Pop,US,124,20,5,2021,2021-05-20,False
Dee,Nova,Pop,UK,148,6,11,2021,2021-11-06,False
Gus,Riftwave,Rock,US,58,5,2,2023,2023-02-05,False
Dee,Nova,Pop,US,55,28,6,2022,2022-06-28,True
Cy,The Larks,Jazz,EU,86,18,6,2021,2021-06-18,True
Cy,Sol Fina,Pop,US,143,31,3,2023,2023-03-31,False
Ben,Grův,Pop,US,62,21,6,2022,2022-06-21,False
Dee,The Larks,Jazz,UK,92,24,7,2021,2021-07-24,False
Ada,Grův,Pop,EU,131,27,1,2023,2023-01-27,True
Ada,Blue Ember,Jazz,US,45,23,12,2023,2023-12-23,True
Fay,Blue Ember,Jazz,EU,137,15,8,2022,2022-08-15,True
Ada,The Larks,Jazz,JP,34,26,6,2021,2021-06-26,False
Eli,Blue Ember,Jazz,EU,35,5,12,2021,2021-12-05,False
Gus,Nova,Pop,UK,57,19,10,2022,2022-10-19,False
Fay,Sol Fina,Pop,EU,69,31,12,2023,2023-12-31,False
Dee,The Larks,Jazz,UK,8,15,10,2023,2023-10-15,True
Ben,Grův,Pop,UK,231,19,10,2023,2023-10-19,False
Hana,Grův,Pop,UK,74,1,7,2023,2023-07-01,True
Gus,Riftwave,Rock,US,194,22,9,2022,2022-09-22,False
Eli,Echo Park,HipHop,US,217,11,12,2022,2022-12-11,False
Ada,The Larks,Jazz,UK,193,15,3,2023,2023-03-15,False
Ada,Sol Fina,Pop,US,200,23,2,2023,2023-02-23,True
Cy,The Larks,Jazz,UK,25,1,12,2022,2022-12-01,False
Ben,The Larks,Jazz,UK,90,27,5,2021,2021-05-27,False
Gus,Marisol,Classical,JP,180,22,8,2023,2023-08-22,True
Ben,Nova,Pop,US,139,11,1,2021,2021-01-11,True
Cy,Marisol,Classical,UK,2,12,4,2022,2022-04-12,False
Hana,Blue Ember,Jazz,UK,137,21,4,2022,2022-04-21,True
Gus,Riftwave,Rock,US,194,27,12,2023,2023-12-27,True
Ben,Riftwave,Rock,US,199,9,4,2021,2021-04-09,True
Dee,Sol Fina,Pop,US,93,5,6,2022,2022-06-05,True
Eli,Vantablack,Rock,US,57,27,1,2022,2022-01-27,False
Fay,Vantablack,Rock,US,75,17,4,2021,2021-04-17,False
Hana,Echo Park,HipHop,UK,72,2,9,2021,2021-09-02,True
Gus,Vantablack,Rock,UK,84,8,4,2022,2022-04-08,False
Hana,Sol Fina,Pop,US,73,1,10,2023,2023-10-01,True
Ada,Nova,Pop,US,110,2,3,2022,2022-03-02,True
Ben,The Larks,Jazz,US,10,22,8,2023,2023-08-22,True
Eli,Marisol,Classical,UK,67,15,3,2023,2023-03-15,False
Ada,Riftwave,Rock,US,76,16,6,2023,2023-06-16,False
Cy,The Larks,Jazz,UK,37,24,7,2023,2023-07-24,False
Ben,Echo Park,HipHop,US,211,21,2,2023,2023-02-21,True
Hana,Nova,Pop,US,163,15,3,2023,2023-03-15,True
Ada,Riftwave,Rock,JP,219,18,6,2021,2021-06-18,True
Ben,Nova,Pop,US,135,25,2,2023,2023-02-25,False
Ben,Blue Ember,Jazz,US,27,22,2,2021,2021-02-22,True
Ben,Nova,Pop,US,218,19,3,2023,2023-03-19,False
Eli,Echo Park,HipHop,JP,110,18,12,2022,2022-12-18,False
Cy,Vantablack,Rock,UK,165,9,4,2023,2023-04-09,False
Hana,Grův,Pop,UK,92,5,12,2022,2022-12-05,False
Cy,Echo Park,HipHop,JP,119,8,2,2022,2022-02-08,True
Eli,Sol Fina,Pop,US,118,9,2,2022,2022-02-09,False
Fay,Vantablack,Rock,JP,69,15,10,2022,2022-10-15,True
Fay,Nova,Pop,US,134,2,6,2022,2022-06-02,False
Gus,Nova,Pop,UK,177,8,1,2022,2022-01-08,False
Ben,Sol Fina,Pop,UK,5,20,6,2022,2022-06-20,True
Eli,Nova,Pop,US,32,11,8,2022,2022-08-11,False
Gus,Nova,Pop,JP,203,20,9,2021,2021-09-20,True
Gus,Blue Ember,Jazz,US,137,30,11,2022,2022-11-30,True
Eli,The Larks,Jazz,JP,234,11,12,2021,2021-12-11,False
Fay,Marisol,Classical,US,146,21,10,2021,2021-10-21,False
Gus,Echo Park,HipHop,UK,157,4,4,2022,2022-04-04,False
Eli,Marisol,Classical,JP,216,24,4,2021,2021-04-24,False
Hana,Riftwave,Rock,US,159,23,10,2022,2022-10-23,False
Ben,K.Low,HipHop,JP,80,15,3,2023,2023-03-15,True
Cy,Nova,Pop,UK,127,13,11,2023,2023-11-13,True
Ada,Echo Park,HipHop,EU,57,7,11,2021,2021-11-07,False
Ada,Riftwave,Rock,US,81,13,8,2022,2022-08-13,True
Dee,K.Low,HipHop,UK,164,6,7,2022,2022-07-06,False
Ben,Grův,Pop,EU,36,12,3,2023,2023-03-12,True
Dee,Vantablack,Rock,UK,162,16,11,2022,2022-11-16,True
Dee,Marisol,Classical,US,141,3,6,2023,2023-06-03,False
Eli,Vantablack,Rock,US,75,21,7,2023,2023-07-21,False
Hana,Echo Park,HipHop,EU,11,5,5,2021,2021-05-05,False
Gus,Blue Ember,Jazz,US,170,24,1,2022,2022-01-24,False
Dee,Sol Fina,Pop,EU,198,17,12,2022,2022-12-17,True
Cy,The Larks,Jazz,JP,176,19,8,2022,2022-08-19,False
Gus,Vantablack,Rock,US,102,12,6,2022,2022-06-12,True
Ada,Marisol,Classical,US,157,9,7,2021,2021-07-09,False
Eli,Riftwave,Rock,EU,100,19,9,2022,2022-09-19,True
Dee,Blue Ember,Jazz,US,86,22,3,2023,2023-03-22,False
Ben,Grův,Pop,UK,79,12,2,2021,2021-02-12,True
Eli,Vantablack,Rock,EU,51,10,10,2022,2022-10-10,False
Cy,K.Low,HipHop,UK,233,20,9,2023,2023-09-20,False
Ben,Marisol,Classical,US,160,21,9,2022,2022-09-21,False
Fay,Vantablack,Rock,EU,42,10,11,2023,2023-11-10,True
Ben,Vantablack,Rock,UK,208,22,1,2022,2022-01-22,False
Fay,Sol Fina,Pop,US,37,4,1,2021,2021-01-04,True
Ben,Blue Ember,Jazz,UK,143,17,1,2023,2023-01-17,True
Dee,Sol Fina,Pop,EU,40,22,8,2021,2021-08-22,True
Gus,Marisol,Classical,EU,87,11,1,2021,2021-01-11,True
Ben,Grův,Pop,UK,159,17,7,2021,2021-07-17,False
Gus,Riftwave,Rock,US,240,20,10,2023,2023-10-20,True
Fay,Riftwave,Rock,US,239,6,5,2023,2023-05-06,True
Hana,Marisol,Classical,US,215,29,10,2021,2021-10-29,False
Ben,Vantablack,Rock,US,57,17,10,2022,2022-10-17,False
Fay,Sol Fina,Pop,JP,23,7,1,2022,2022-01-07,False
Hana,Marisol,Classical,US,218,14,7,2021,2021-07-14,False
Gus,Grův,Pop,EU,222,19,12,2023,2023-12-19,True
Ben,Marisol,Classical,US,67,11,6,2023,2023-06-11,False
Gus,Riftwave,Rock,US,5,3,2,2022,2022-02-03,True
Ada,Riftwave,Rock,UK,156,23,1,2022,2022-01-23,True
Eli,Grův,Pop,US,19,13,6,2023,2023-06-13,True
Dee,Riftwave,Rock,EU,10,20,5,2022,2022-05-20,False
Eli,Grův,Pop,JP,225,17,2,2022,2022-02-17,True
Eli,Blue Ember,Jazz,EU,119,1,3,2022,2022-03-01,False
Ada,Nova,Pop,US,27,5,5,2022,2022-05-05,True
Eli,K.Low,HipHop,EU,158,25,7,2022,2022-07-25,False
Hana,Sol Fina,Pop,US,89,13,2,2021,2021-02-13,False
Dee,Marisol,Classical,JP,129,10,6,2022,2022-06-10,True
Cy,Echo Park,HipHop,UK,216,27,4,2022,2022-04-27,False
Hana,Sol Fina,Pop,US,58,28,10,2021,2021-10-28,False
Ada,Marisol,Classical,US,156,25,1,2022,2022-01-25,False
Dee,Sol Fina,Pop,US,199,10,4,2022,2022-04-10,True
Eli,Grův,Pop,US,102,5,2,2022,2022-02-05,False
Dee,Marisol,Classical,JP,233,22,9,2023,2023-09-22,True
Hana,Riftwave,Rock,EU,108,2,8,2022,2022-08-02,True
Dee,Marisol,Classical,JP,111,5,7,2022,2022-07-05,True
Hana,The Larks,Jazz,US,213,15,10,2021,2021-10-15,False
Ada,Blue Ember,Jazz,UK,153,1,10,2023,2023-10-01,True
Fay,Grův,Pop,US,209,26,1,2021,2021-01-26,False
Eli,Vantablack,Rock,UK,190,26,8,2022,2022-08-26,True
Ben,Sol Fina,Pop,US,171,4,7,2021,2021-07-04,False
Ben,K.Low,HipHop,US,58,22,4,2023,2023-04-22,True
Fay,Grův,Pop,UK,96,19,2,2022,2022-02-19,False
Fay,Nova,Pop,US,208,18,11,2021,2021-11-18,False
Eli,Blue Ember,Jazz,UK,148,5,3,2021,2021-03-05,True
Ada,Marisol,Classical,EU,68,16,5,2023,2023-05-16,True
Eli,Marisol,Classical,US,79,11,3,2022,2022-03-11,False
Hana,Marisol,Classical,JP,187,17,10,2021,2021-10-17,False
Ada,Riftwave,Rock,UK,43,14,7,2023,2023-07-14,False
Dee,Blue Ember,Jazz,EU,27,22,1,2021,2021-01-22,True
Dee,Nova,Pop,EU,184,29,5,2022,2022-05-29,False
Hana,Vantablack,Rock,EU,70,25,6,2021,2021-06-25,True
Cy,K.Low,HipHop,EU,184,20,5,2021,2021-05-20,True
Dee,Vantablack,Rock,EU,129,24,1,2021,2021-01-24,False
Fay,Vantablack,Rock,UK,240,24,7,2021,2021-07-24,False
Ada,Echo Park,HipHop,US,126,4,11,2023,2023-11-04,False
Gus,Vantablack,Rock,US,209,3,5,2022,2022-05-03,False
Gus,Sol Fina,Pop,UK,205,31,12,2023,2023-12-31,True
Fay,Vantablack,Rock,US,51,20,10,2021,2021-10-20,False
Fay,Sol Fina,Pop,US,240,15,4,2023,2023-04-15,True
Fay,Sol Fina,Pop,US,179,9,4,2021,2021-04-09,True
Gus,K.Low,HipHop,UK,26,29,4,2021,2021-04-29,True
Hana,Blue Ember,Jazz,US,2,18,1,2021,2021-01-18,False
Dee,Echo Park,HipHop,UK,66,12,9,2023,2023-09-12,False
Dee,K.Low,HipHop,EU,4,6,1,2023,2023-01-06,True
Fay,Vantablack,Rock,EU,86,26,3,2023,2023-03-26,False
Ben,Riftwave,Rock,US,240,13,10,2023,2023-10-13,False
Gus,Marisol,Classical,UK,115,30,12,2021,2021-12-30,False
Gus,Vantablack,Rock,UK,6,3,3,2023,2023-03-03,False
Fay,Sol Fina,Pop,UK,119,4,7,2022,2022-07-04,True
Cy,Vantablack,Rock,EU,53,18,8,2022,2022-08-18,False
Cy,K.Low,HipHop,US,206,26,12,2022,2022-12-26,False
Dee,Grův,Pop,JP,22,30,5,2022,2022-05-30,False
Fay,Vantablack,Rock,US,185,27,1,2021,2021-01-27,False
Gus,The Larks,Jazz,EU,108,24,3,2021,2021-03-24,False
Fay,Echo Park,HipHop,UK,5,4,7,2022,2022-07-04,True
Hana,Vantablack,Rock,US,162,17,9,2022,2022-09-17,False
Hana,The Larks,Jazz,EU,110,13,3,2023,2023-03-13,True
Fay,Riftwave,Rock,US,186,19,9,2022,2022-09-19,True
Cy,Grův,Pop,EU,149,26,7,2021,2021-07-26,False
Eli,The Larks,Jazz,UK,189,6,2,2022,2022-02-06,False
Dee,Vantablack,Rock,US,111,1,5,2022,2022-05-01,False
Fay,Echo Park,HipHop,US,2,14,12,2023,2023-12-14,False
Gus,Vantablack,Rock,EU,32,7,8,2022,2022-08-07,False
Cy,Blue Ember,Jazz,US,111,27,11,2022,2022-11-27,False
Eli,Echo Park,HipHop,EU,96,17,3,2023,2023-03-17,False
Ada,Blue Ember,Jazz,EU,191,1,2,2022,2022-02-01,True
Fay,K.Low,HipHop,EU,99,23,11,2023,2023-11-23,False
Dee,Vantablack,Rock,US,207,10,1,2023,2023-01-10,True
Dee,The Larks,Jazz,EU,46,18,7,2023,2023-07-18,True
Eli,K.Low,HipHop,JP,93,1,4,2023,2023-04-01,True
Ben,Marisol,Classical,US,182,12,11,2022,2022-11-12,False
Eli,Nova,Pop,US,30,3,2,2021,2021-02-03,False
Fay,Riftwave,Rock,US,78,2,10,2022,2022-10-02,False
Cy,Nova,Pop,US,181,22,5,2021,2021-05-22,False
Ben,Nova,Pop,EU,142,23,10,2022,2022-10-23,False
Dee,The Larks,Jazz,UK,187,8,2,2023,2023-02-08,True
Ben,The Larks,Jazz,UK,124,20,8,2022,2022-08-20,False
Cy,The Larks,Jazz,US,207,4,12,2021,2021-12-04,False
Fay,Nova,Pop,US,211,7,3,2021,2021-03-07,False
Ada,Nova,Pop,US,234,5,1,2023,2023-01-05,True
Fay,Blue Ember,Jazz,EU,30,4,2,2023,2023-02-04,True
Ben,Vantablack,Rock,UK,142,8,6,2022,2022-06-08,False
Hana,K.Low,HipHop,US,28,24,2,2023,2023-02-24,True
Fay,Marisol,Classical,EU,55,4,5,2023,2023-05-04,True
Cy,Riftwave,Rock,US,73,16,7,2022,2022-07-16,False
Eli,Echo Park,HipHop,US,156,22,2,2021,2021-02-22,True
Ada,K.Low,HipHop,US,104,12,8,2023,2023-08-12,True
Ada,Nova,Pop,JP,208,27,5,2022,2022-05-27,False
Hana,Echo Park,HipHop,EU,72,7,1,2023,2023-01-07,False
Gus,Grův,Pop,UK,149,25,9,2023,2023-09-25,False
Ben,Nova,Pop,US,184,2,2,2022,2022-02-02,True
Cy,Marisol,Classical,US,236,13,11,2022,2022-11-13,True
Ben,The Larks,Jazz,UK,59,22,1,2021,2021-01-22,False
Dee,Echo Park,HipHop,US,177,28,8,2023,2023-08-28,False
Cy,The Larks,Jazz,JP,21,6,3,2021,2021-03-06,True
Cy,Marisol,Classical,EU,131,16,8,2022,2022-08-16,False
Eli,K.Low,HipHop,UK,100,21,1,2022,2022-01-21,False
Ben,Echo Park,HipHop,EU,231,9,2,2021,2021-02-09,False
Hana,Riftwave,Rock,JP,186,22,5,2022,2022-05-22,True
Fay,Blue Ember,Jazz,UK,223,22,10,2023,2023-10-22,True
Gus,Sol Fina,Pop,UK,205,2,7,2021,2021-07-02,True
Ben,Sol Fina,Pop,JP,99,17,11,2021,2021-11-17,True
Fay,Riftwave,Rock,US,177,27,7,2021,2021-07-27,False
Gus,Vantablack,Rock,EU,8,17,5,2021,2021-05-17,False
Ben,K.Low,HipHop,US,134,10,9,2021,2021-09-10,False
Gus,Vantablack,Rock,UK,12,19,9,2022,2022-09-19,False
Cy,Grův,Pop,EU,174,5,5,2023,2023-05-05,True
Gus,Nova,Pop,UK,233,26,1,2023,2023-01-26,True
Dee,Grův,Pop,UK,164,25,4,2023,2023-04-25,True
Gus,Marisol,Classical,UK,202,23,2,2023,2023-02-23,True
Ben,Echo Park,HipHop,US,57,24,2,2022,2022-02-24,False
Dee,Marisol,Classical,US,239,13,9,2023,2023-09-13,False
Cy,K.Low,HipHop,US,133,8,7,2021,2021-07-08,False
Ben,Echo Park,HipHop,UK,162,6,2,2023,2023-02-06,False
Cy,Sol Fina,Pop,UK,185,2,5,2021,2021-05-02,True
Dee,Riftwave,Rock,US,154,19,4,2023,2023-04-19,True
Ben,Echo Park,HipHop,EU,77,6,4,2021,2021-04-06,True
Fay,Echo Park,HipHop,US,147,25,8,2021,2021-08-25,True
Eli,K.Low,HipHop,UK,157,5,3,2022,2022-03-05,False
Gus,Grův,Pop,UK,206,31,1,2023,2023-01-31,False
Fay,Sol Fina,Pop,US,116,19,2,2021,2021-02-19,True
Ben,K.Low,HipHop,EU,121,9,10,2021,2021-10-09,True
Ada,Nova,Pop,UK,121,1,1,2022,2022-01-01,True
Dee,Sol Fina,Pop,US,28,12,3,2023,2023-03-12,False
Dee,Blue Ember,Jazz,JP,22,19,11,2023,2023-11-19,True
Ben,Echo Park,HipHop,EU,5,4,11,2022,2022-11-04,True
Gus,Vantablack,Rock,EU,160,10,7,2022,2022-07-10,True
Eli,Marisol,Classical,EU,101,4,1,2022,2022-01-04,False
Fay,Riftwave,Rock,JP,208,20,6,2023,2023-06-20,False
Ada,Echo Park,HipHop,US,169,28,4,2021,2021-04-28,False
Gus,Riftwave,Rock,UK,34,22,5,2021,2021-05-22,True
Ben,Marisol,Classical,UK,25,9,8,2021,2021-08-09,True
Dee,The Larks,Jazz,US,88,21,10,2021,2021-10-21,False
Dee,Grův,Pop,US,222,21,5,2022,2022-05-21,True
Gus,Grův,Pop,US,12,3,11,2023,2023-11-03,True
Cy,Grův,Pop,EU,45,14,12,2022,2022-12-14,False
Ben,Vantablack,Rock,EU,8,24,2,2022,2022-02-24,True
Cy,Blue Ember,Jazz,EU,100,20,8,2021,2021-08-20,True
Cy,The Larks,Jazz,US,238,12,12,2022,2022-12-12,False
Ben,The Larks,Jazz,US,165,5,10,2021,2021-10-05,False
Ben,Grův,Pop,UK,119,5,12,2023,2023-12-05,True
Ben,Sol Fina,Pop,UK,35,8,6,2022,2022-06-08,True
Dee,Riftwave,Rock,JP,86,27,8,2022,2022-08-27,False
Cy,Vantablack,Rock,EU,126,17,9,2023,2023-09-17,True
Dee,Marisol,Classical,JP,66,1,12,2021,2021-12-01,True
Fay,The Larks,Jazz,EU,170,1,6,2022,2022-06-01,False
Ben,K.Low,HipHop,JP,236,6,8,2022,2022-08-06,False
Hana,K.Low,HipHop,UK,50,24,10,2021,2021-10-24,False
Gus,Nova,Pop,US,61,1,3,2021,2021-03-01,True
Ben,The Larks,Jazz,US,31,7,11,2021,2021-11-07,True
Cy,Echo Park,HipHop,US,175,4,5,2021,2021-05-04,False
Ben,Nova,Pop,US,111,10,1,2023,2023-01-10,False
Cy,Marisol,Classical,US,69,8,1,2021,2021-01-08,True
Cy,Marisol,Classical,JP,53,13,12,2021,2021-12-13,False
Ben,Marisol,Classical,US,17,27,8,2023,2023-08-27,True
Ada,Grův,Pop,JP,115,15,9,2022,2022-09-15,False
Dee,Riftwave,Rock,EU,164,6,1,2023,2023-01-06,False
Fay,K.Low,HipHop,UK,57,3,1,2023,2023-01-03,False
Cy,Riftwave,Rock,EU,1,23,11,2021,2021-11-23,False
Gus,Blue Ember,Jazz,US,114,24,11,2022,2022-11-24,False
Cy,Grův,Pop,UK,163,31,8,2021,2021-08-31,True
Hana,Grův,Pop,US,83,27,11,2022,2022-11-27,True
Ben,Nova,Pop,JP,61,18,1,2023,2023-01-18,False
Eli,Sol Fina,Pop,US,38,18,8,2023,2023-08-18,True
Gus,Blue Ember,Jazz,US,180,4,10,2023,2023-10-04,True
Ada,Riftwave,Rock,EU,207,27,1,2021,2021-01-27,True
Hana,Blue Ember,Jazz,EU,185,24,11,2021,2021-11-24,False
Cy,Riftwave,Rock,UK,125,23,8,2022,2022-08-23,True
Dee,Marisol,Classical,UK,174,19,12,2021,2021-12-19,False
Fay,Grův,Pop,US,96,9,11,2022,2022-11-09,True
Fay,Vantablack,Rock,EU,6,25,7,2023,2023-07-25,True
Ada,Echo Park,HipHop,US,89,10,10,2021,2021-10-10,False
Gus,Marisol,Classical,US,169,6,9,2023,2023-09-06,True
Eli,Nova,Pop,US,156,24,8,2023,2023-08-24,True
Hana,Nova,Pop,US,238,28,9,2023,2023-09-28,True
Dee,Blue Ember,Jazz,US,240,22,3,2021,2021-03-22,False
Eli,Blue Ember,Jazz,UK,59,18,11,2021,2021-11-18,True
Dee,The Larks,Jazz,US,3,16,5,2021,2021-05-16,True
Hana,The Larks,Jazz,US,66,12,5,2021,2021-05-12,True
Gus,The Larks,Jazz,UK,211,28,2,2021,2021-02-28,True
Hana,Sol Fina,Pop,US,196,27,4,2022,2022-04-27,True
Eli,Vantablack,Rock,EU,24,6,4,2021,2021-04-06,False
Gus,Sol Fina,Pop,JP,39,20,11,2021,2021-11-20,True
Cy,Marisol,Classical,UK,136,11,12,2023,2023-12-11,True
Dee,Sol Fina,Pop,JP,159,26,8,2023,2023-08-26,False
Gus,Echo Park,HipHop,US,236,24,10,2023,2023-10-24,False
Ada,Echo Park,HipHop,US,182,10,2,2021,2021-02-10,True
Fay,Sol Fina,Pop,EU,51,25,12,2022,2022-12-25,True
Ada,Nova,Pop,EU,9,26,11,2022,2022-11-26,True
Eli,Echo Park,HipHop,EU,153,26,5,2021,2021-05-26,False
Dee,K.Low,HipHop,US,133,20,9,2023,2023-09-20,True
Dee,Echo Park,HipHop,EU,222,19,3,2022,2022-03-19,True
Dee,Vantablack,Rock,US,139,6,12,2023,2023-12-06,False
Dee,The Larks,Jazz,US,121,5,5,2021,2021-05-05,True
Dee,K.Low,HipHop,US,73,13,12,2022,2022-12-13,True
Dee,Grův,Pop,JP,21,24,5,2021,2021-05-24,True
Eli,The Larks,Jazz,US,211,7,11,2023,2023-11-07,False
Gus,K.Low,HipHop,EU,199,28,10,2022,2022-10-28,False
Eli,Marisol,Classical,UK,40,24,3,2021,2021-03-24,False
Fay,Vantablack,Rock,EU,169,24,8,2021,2021-08-24,False
Gus,Echo Park,HipHop,EU,88,29,1,2022,2022-01-29,True
Hana,Sol Fina,Pop,EU,105,15,1,2021,2021-01-15,False
Ada,The Larks,Jazz,US,204,10,1,2021,2021-01-10,False
Fay,K.Low,HipHop,US,203,11,10,2023,2023-10-11,False
Ben,Vantablack,Rock,UK,46,11,12,2023,2023-12-11,False
Ben,Marisol,Classical,US,74,11,8,2022,2022-08-11,True
Gus,Grův,Pop,US,198,16,9,2023,2023-09-16,True
Ada,K.Low,HipHop,US,221,19,12,2022,2022-12-19,False
Gus,Vantablack,Rock,US,19,31,1,2021,2021-01-31,True
Gus,Riftwave,Rock,US,201,22,2,2023,2023-02-22,False
Hana,The Larks,Jazz,US,118,20,1,2021,2021-01-20,True
Fay,K.Low,HipHop,JP,142,14,6,2023,2023-06-14,True
Gus,K.Low,HipHop,US,19,6,2,2022,2022-02-06,False
Ada,Vantablack,Rock,JP,164,4,6,2021,2021-06-04,False
Hana,Marisol,Classical,JP,163,11,10,2021,2021-10-11,False
Ben,The Larks,Jazz,US,160,19,1,2023,2023-01-19,True
Cy,Vantablack,Rock,EU,190,17,7,2023,2023-07-17,False
Ben,Vantablack,Rock,UK,228,17,9,2022,2022-09-17,False
Dee,Riftwave,Rock,EU,204,25,6,2021,2021-06-25,False
Fay,Nova,Pop,US,179,13,9,2023,2023-09-13,False
Cy,K.Low,HipHop,US,236,16,5,2023,2023-05-16,False
Gus,Grův,Pop,US,162,25,3,2022,2022-03-25,True
Eli,Grův,Pop,UK,162,31,8,2022,2022-08-31,False
Fay,Sol Fina,Pop,JP,131,22,11,2023,2023-11-22,False
Hana,Sol Fina,Pop,EU,185,18,2,2022,2022-02-18,False
Dee,K.Low,HipHop,EU,18,29,1,2021,2021-01-29,True
Cy,Riftwave,Rock,JP,122,9,6,2021,2021-06-09,False
Hana,Nova,Pop,EU,103,20,10,2022,2022-10-20,False
Eli,K.Low,HipHop,US,220,29,12,2023,2023-12-29,False
Eli,K.Low,HipHop,EU,18,22,3,2023,2023-03-22,False
Cy,Riftwave,Rock,US,155,8,11,2022,2022-11-08,True
Ben,Blue Ember,Jazz,US,45,20,12,2021,2021-12-20,True
Ben,Nova,Pop,UK,213,27,4,2022,2022-04-27,False
Ben,Sol Fina,Pop,JP,205,12,2,2021,2021-02-12,True
Ben,Grův,Pop,US,57,11,2,2022,2022-02-11,False
Fay,Sol Fina,Pop,UK,210,14,11,2022,2022-11-14,False
Ada,Marisol,Classical,US,120,19,9,2023,2023-09-19,False
Fay,Marisol,Classical,US,234,8,10,2023,2023-10-08,True
Hana,K.Low,HipHop,US,176,19,6,2023,2023-06-19,False
Gus,Riftwave,Rock,EU,9,24,1,2021,2021-01-24,False
Dee,Vantablack,Rock,EU,49,8,6,2023,2023-06-08,True
Ada,Vantablack,Rock,US,97,28,8,2021,2021-08-28,False
Gus,Nova,Pop,US,51,6,11,2022,2022-11-06,False
Ada,Marisol,Classical,US,32,3,11,2023,2023-11-03,False
Fay,Blue Ember,Jazz,US,235,31,8,2023,2023-08-31,True
Fay,Riftwave,Rock,UK,209,29,12,2022,2022-12-29,True
Ben,Echo Park,HipHop,EU,105,24,11,2021,2021-11-24,False
Fay,Vantablack,Rock,UK,52,25,7,2022,2022-07-25,True
Ben,Sol Fina,Pop,US,44,10,2,2023,2023-02-10,True
Ben,Echo Park,HipHop,UK,220,18,7,2022,2022-07-18,False
Gus,Grův,Pop,US,80,19,3,2022,2022-03-19,True
Hana,The Larks,Jazz,US,4,18,3,2022,2022-03-18,False
Cy,Sol Fina,Pop,JP,96,19,10,2022,2022-10-19,False
Hana,The Larks,Jazz,EU,110,9,2,2021,2021-02-09,False
Hana,Marisol,Classical,JP,150,29,12,2023,2023-12-29,False
Gus,Grův,Pop,JP,82,22,4,2021,2021-04-22,False
Ben,Echo Park,HipHop,UK,222,15,12,2023,2023-12-15,True
Cy,Sol Fina,Pop,JP,155,8,2,2021,2021-02-08,True
Fay,Grův,Pop,UK,237,16,7,2022,2022-07-16,False
Hana,Vantablack,Rock,US,89,3,4,2022,2022-04-03,True
Gus,Echo Park,HipHop,US,157,21,9,2022,2022-09-21,True
Dee,Blue Ember,Jazz,US,88,20,4,2022,2022-04-20,True
Ben,Grův,Pop,US,168,10,9,2023,2023-09-10,False
Hana,Sol Fina,Pop,US,179,19,1,2021,2021-01-19,True
Cy,Echo Park,HipHop,EU,78,16,12,2023,2023-12-16,False
Cy,Marisol,Classical,EU,226,25,1,2023,2023-01-25,True
Hana,The Larks,Jazz,UK,206,3,5,2023,2023-05-03,False
Eli,Nova,Pop,US,215,3,6,2021,2021-06-03,True
Cy,Riftwave,Rock,EU,53,13,3,2021,2021-03-13,True
Ada,Vantablack,Rock,US,173,11,3,2022,2022-03-11,False
Dee,Echo Park,HipHop,US,26,20,12,2021,2021-12-20,False
Hana,The Larks,Jazz,US,26,8,5,2023,2023-05-08,True
Dee,Marisol,Classical,US,234,9,9,2023,2023-09-09,False
Fay,Sol Fina,Pop,US,37,14,4,2022,2022-04-14,False
Cy,Vantablack,Rock,EU,208,22,4,2023,2023-04-22,True
Gus,Grův,Pop,EU,104,7,3,2021,2021-03-07,False
Gus,Sol Fina,Pop,EU,73,24,3,2023,2023-03-24,True
Eli,Marisol,Classical,US,18,19,4,2021,2021-04-19,False
Gus,Grův,Pop,EU,163,2,1,2023,2023-01-02,True
Eli,Riftwave,Rock,EU,174,23,2,2022,2022-02-23,False
Dee,Grův,Pop,US,113,31,3,2022,2022-03-31,True
Fay,Riftwave,Rock,UK,195,30,10,2021,2021-10-30,False
Gus,Blue Ember,Jazz,UK,78,18,3,2022,2022-03-18,False
Gus,The Larks,Jazz,UK,133,16,8,2023,2023-08-16,False
Ben,Echo Park,HipHop,US,69,5,6,2023,2023-06-05,False
Fay,Grův,Pop,UK,140,8,1,2022,2022-01-08,False
Ada,Echo Park,HipHop,US,33,18,11,2021,2021-11-18,True
Eli,Sol Fina,Pop,US,115,12,7,2022,2022-07-12,True
Eli,K.Low,HipHop,US,132,20,1,2023,2023-01-20,True
Cy,Nova,Pop,JP,134,19,7,2021,2021-07-19,False
Hana,Riftwave,Rock,US,108,7,3,2023,2023-03-07,False
Hana,Blue Ember,Jazz,US,155,5,11,2023,2023-11-05,False
Ada,Nova,Pop,US,123,14,7,2023,2023-07-14,False
Ben,Vantablack,Rock,EU,68,24,8,2022,2022-08-24,False
Ben,Echo Park,HipHop,UK,52,17,12,2021,2021-12-17,True
Hana,Grův,Pop,JP,156,21,12,2021,2021-12-21,True
Eli,Marisol,Classical,US,226,24,3,2023,2023-03-24,False
Fay,The Larks,Jazz,US,181,14,5,2022,2022-05-14,True
Gus,Grův,Pop,UK,154,27,4,2021,2021-04-27,True
Gus,The Larks,Jazz,US,222,13,1,2023,2023-01-13,False
Ada,Marisol,Classical,EU,216,1,6,2021,2021-06-01,False
Ben,K.Low,HipHop,EU,122,17,12,2023,2023-12-17,False
Dee,Grův,Pop,UK,27,2,4,2022,2022-04-02,True
Cy,Blue Ember,Jazz,JP,153,10,1,2022,2022-01-10,False
Fay,Marisol,Classical,UK,150,2,3,2021,2021-03-02,True
Ben,Nova,Pop,US,67,3,7,2021,2021-07-03,False
Cy,Echo Park,HipHop,UK,204,4,11,2023,2023-11-04,True
Ben,Sol Fina,Pop,US,209,12,8,2022,2022-08-12,False
Ben,Nova,Pop,EU,80,15,9,2023,2023-09-15,False
Ben,Blue Ember,Jazz,US,115,13,11,2023,2023-11-13,False
Ben,Vantablack,Rock,US,47,23,2,2021,2021-02-23,True
Eli,Vantablack,Rock,UK,43,21,2,2022,2022-02-21,False
Dee,The Larks,Jazz,US,64,7,7,2023,2023-07-07,True
Dee,Blue Ember,Jazz,US,88,27,6,2022,2022-06-27,False
Dee,Grův,Pop,EU,66,12,7,2022,2022-07-12,True
Fay,Marisol,Classical,US,37,17,9,2022,2022-09-17,True
Gus,The Larks,Jazz,UK,108,8,2,2023,2023-02-08,False
Eli,Blue Ember,Jazz,US,150,25,10,2023,2023-10-25,False
Fay,Nova,Pop,US,79,30,8,2023,2023-08-30,False
Fay,Nova,Pop,US,129,16,11,2022,2022-11-16,True
Fay,K.Low,HipHop,EU,66,24,9,2022,2022-09-24,False
Ben,Grův,Pop,JP,169,31,1,2022,2022-01-31,True
Hana,Nova,Pop,US,156,8,5,2021,2021-05-08,True
Ben,K.Low,HipHop,JP,231,16,2,2023,2023-02-16,False
Dee,Riftwave,Rock,UK,13,3,1,2021,2021-01-03,True
Fay,Grův,Pop,UK,205,4,2,2023,2023-02-04,False
Dee,Sol Fina,Pop,EU,82,29,6,2022,2022-06-29,True
Ben,Echo Park,HipHop,EU,16,12,5,2023,2023-05-12,True
Hana,Echo Park,HipHop,EU,166,6,11,2023,2023-11-06,False
Ada,Sol Fina,Pop,UK,42,29,8,2022,2022-08-29,True
Ben,Echo Park,HipHop,UK,43,20,9,2022,2022-09-20,False
Hana,Nova,Pop,US,236,18,6,2022,2022-06-18,False
Fay,The Larks,Jazz,US,54,13,2,2022,2022-02-13,True
Ada,Echo Park,HipHop,EU,132,8,4,2021,2021-04-08,False
Gus,Echo Park,HipHop,US,49,3,2,2021,2021-02-03,True
Hana,K.Low,HipHop,US,30,3,3,2023,2023-03-03,True
Ada,The Larks,Jazz,US,1,29,9,2023,2023-09-29,True
Dee,K.Low,HipHop,US,4,28,2,2021,2021-02-28,False
Dee,Nova,Pop,UK,114,25,12,2021,2021-12-25,False
Ben,Grův,Pop,UK,105,28,10,2022,2022-10-28,False
Ben,Blue Ember,Jazz,UK,10,11,2,2023,2023-02-11,False
Ben,Riftwave,Rock,US,84,17,3,2023,2023-03-17,True
Ben,Sol Fina,Pop,UK,66,31,1,2023,2023-01-31,False
Dee,Blue Ember,Jazz,US,138,2,4,2021,2021-04-02,False
Dee,The Larks,Jazz,EU,239,6,10,2021,2021-10-06,False
Ben,Marisol,Classical,UK,166,29,5,2022,2022-05-29,False
Cy,Nova,Pop,UK,221,11,3,2021,2021-03-11,False
Ben,Grův,Pop,UK,47,11,1,2022,2022-01-11,True
Gus,Vantablack,Rock,JP,52,26,2,2022,2022-02-26,False
Ben,Blue Ember,Jazz,EU,181,8,12,2023,2023-12-08,False
Hana,Sol Fina,Pop,UK,75,14,12,2021,2021-12-14,False
Eli,Vantablack,Rock,UK,204,30,11,2023,2023-11-30,True
Gus,Nova,Pop,US,112,6,2,2023,2023-02-06,False
Fay,Echo Park,HipHop,JP,49,29,1,2023,2023-01-29,True
Cy,Marisol,Classical,US,203,17,6,2023,2023-06-17,False
Eli,Sol Fina,Pop,US,133,12,7,2023,2023-07-12,False
Cy,The Larks,Jazz,JP,193,1,9,2021,2021-09-01,True
Ada,Sol Fina,Pop,EU,109,6,4,2022,2022-04-06,False
Cy,Sol Fina,Pop,US,31,2,8,2022,2022-08-02,True
Cy,Blue Ember,Jazz,US,164,6,12,2023,2023-12-06,False
Ben,Blue Ember,Jazz,US,30,14,2,2021,2021-02-14,False
Ada,Marisol,Classical,UK,160,7,6,2022,2022-06-07,True
Hana,The Larks,Jazz,US,101,23,8,2021,2021-08-23,False
Eli,Vantablack,Rock,JP,190,15,8,2021,2021-08-15,True
Dee,K.Low,HipHop,JP,209,15,4,2023,2023-04-15,False
Hana,Echo Park,HipHop,UK,98,10,8,2021,2021-08-10,False
Ben,The Larks,Jazz,UK,212,19,5,2023,2023-05-19,True
Dee,Grův,Pop,US,27,25,12,2023,2023-12-25,False
Gus,Blue Ember,Jazz,US,26,1,5,2023,2023-05-01,False
Fay,Echo Park,HipHop,EU,239,6,7,2021,2021-07-06,False
Dee,Vantablack,Rock,US,138,5,6,2021,2021-06-05,False
Cy,Marisol,Classical,US,109,24,4,2022,2022-04-24,False
Ada,K.Low,HipHop,US,38,27,8,2022,2022-08-27,False
Ada,Riftwave,Rock,US,70,3,5,2023,2023-05-03,True
Ben,Blue Ember,Jazz,UK,165,8,4,2022,2022-04-08,True
Gus,Vantablack,Rock,EU,198,2,7,2021,2021-07-02,False
Fay,The Larks,Jazz,EU,220,22,12,2023,2023-12-22,True
Dee,The Larks,Jazz,UK,98,18,9,2023,2023-09-18,False
Gus,Riftwave,Rock,EU,110,18,12,2022,2022-12-18,True
Ben,Sol Fina,Pop,UK,40,1,2,2023,2023-02-01,False
Ben,Nova,Pop,EU,20,22,10,2023,2023-10-22,False
Dee,Sol Fina,Pop,UK,106,4,6,2022,2022-06-04,True
Hana,K.Low,HipHop,US,140,9,6,2021,2021-06-09,True
Eli,Marisol,Classical,JP,26,26,10,2022,2022-10-26,False
Gus,Echo Park,HipHop,US,99,9,5,2022,2022-05-09,False
Ben,Marisol,Classical,US,154,26,5,2023,2023-05-26,False
Gus,The Larks,Jazz,US,195,25,4,2023,2023-04-25,False
Ada,Vantablack,Rock,US,226,1,6,2022,2022-06-01,False
Ben,Grův,Pop,US,82,7,2,2022,2022-02-07,True
Eli,Sol Fina,Pop,UK,95,8,4,2022,2022-04-08,False
Ada,Blue Ember,Jazz,EU,210,24,11,2022,2022-11-24,True
Gus,Echo Park,HipHop,US,167,29,11,2022,2022-11-29,True
Gus,Marisol,Classical,UK,66,15,7,2022,2022-07-15,False
Eli,Vantablack,Rock,US,165,6,8,2022,2022-08-06,False
Cy,Riftwave,Rock,EU,38,23,12,2023,2023-12-23,False
Ada,Riftwave,Rock,US,108,5,10,2021,2021-10-05,False
Eli,Vantablack,Rock,US,74,10,7,2021,2021-07-10,False
Eli,Riftwave,Rock,UK,239,26,5,2023,2023-05-26,True
Gus,Grův,Pop,EU,9,22,10,2023,2023-10-22,False
Eli,The Larks,Jazz,EU,206,29,10,2022,2022-10-29,False
Ben,Echo Park,HipHop,UK,68,16,3,2022,2022-03-16,False
Ada,Echo Park,HipHop,EU,9,17,1,2022,2022-01-17,False
Gus,Vantablack,Rock,US,159,28,5,2022,2022-05-28,False
Ben,Nova,Pop,US,163,27,2,2021,2021-02-27,False
Hana,K.Low,HipHop,US,35,2,8,2022,2022-08-02,False
Ada,Marisol,Classical,US,10,23,10,2021,2021-10-23,False
Fay,Grův,Pop,US,27,18,10,2021,2021-10-18,False
Hana,Blue Ember,Jazz,UK,99,6,9,2022,2022-09-06,True
Dee,Marisol,Classical,US,32,22,11,2023,2023-11-22,False
Ada,K.Low,HipHop,UK,169,14,8,2021,2021-08-14,True
Hana,Riftwave,Rock,UK,19,26,9,2023,2023-09-26,False
Ben,Riftwave,Rock,EU,190,23,7,2022,2022-07-23,False
Eli,K.Low,HipHop,EU,210,2,12,2023,2023-12-02,False
Hana,Nova,Pop,US,173,23,2,2022,2022-02-23,True
Fay,Nova,Pop,US,227,28,12,2023,2023-12-28,False
Ada,K.Low,HipHop,UK,226,24,12,2022,2022-12-24,False
Gus,Blue Ember,Jazz,UK,12,4,1,2023,2023-01-04,True
Ben,Vantablack,Rock,US,83,9,9,2022,2022-09-09,False
Fay,Nova,Pop,US,183,10,5,2022,2022-05-10,True
Eli,K.Low,HipHop,EU,82,30,7,2022,2022-07-30,False
Cy,Marisol,Classical,UK,177,21,7,2023,2023-07-21,True
Dee,Grův,Pop,US,186,18,5,2023,2023-05-18,False
Ada,Sol Fina,Pop,UK,240,27,1,2021,2021-01-27,False
Hana,The Larks,Jazz,EU,80,31,1,2023,2023-01-31,False
Ben,K.Low,HipHop,US,84,3,7,2023,2023-07-03,True
Cy,Marisol,Classical,EU,6,26,3,2023,2023-03-26,False
Eli,Marisol,Classical,US,69,29,6,2022,2022-06-29,False
Fay,The Larks,Jazz,UK,68,3,1,2022,2022-01-03,True
Eli,Grův,Pop,UK,109,8,1,2023,2023-01-08,True
Eli,Grův,Pop,US,102,28,12,2022,2022-12-28,True
Eli,Echo Park,HipHop,JP,206,14,2,2022,2022-02-14,False
Gus,Vantablack,Rock,UK,186,21,3,2022,2022-03-21,True
Dee,Vantablack,Rock,JP,175,8,2,2022,2022-02-08,False
Gus,Grův,Pop,US,2,19,2,2021,2021-02-19,False
Gus,Blue Ember,Jazz,EU,114,4,2,2021,2021-02-04,False
Hana,K.Low,HipHop,JP,176,1,4,2021,2021-04-01,False
Hana,The Larks,Jazz,UK,59,10,4,2022,2022-04-10,False
Gus,K.Low,HipHop,US,102,13,7,2022,2022-07-13,True
Ben,Blue Ember,Jazz,EU,175,24,3,2022,2022-03-24,False
Gus,Vantablack,Rock,UK,191,12,11,2023,2023-11-12,True
Fay,K.Low,HipHop,JP,206,4,9,2021,2021-09-04,True
Cy,The Larks,Jazz,UK,104,7,3,2022,2022-03-07,False
Fay,Grův,Pop,US,96,28,9,2021,2021-09-28,True
Cy,K.Low,HipHop,US,92,25,11,2021,2021-11-25,True
Eli,Vantablack,Rock,EU,161,2,10,2022,2022-10-02,False
Gus,Grův,Pop,JP,101,6,12,2021,2021-12-06,True
Ben,Echo Park,HipHop,US,97,14,12,2021,2021-12-14,True
Cy,Blue Ember,Jazz,EU,41,5,1,2023,2023-01-05,False
Gus,Vantablack,Rock,JP,115,29,6,2023,2023-06-29,False
Dee,Sol Fina,Pop,US,57,21,8,2021,2021-08-21,False
Hana,Sol Fina,Pop,US,126,2,5,2021,2021-05-02,True
Ada,Nova,Pop,EU,214,20,9,2021,2021-09-20,False
Fay,Blue Ember,Jazz,UK,187,25,9,2022,2022-09-25,False
Gus,The Larks,Jazz,US,115,17,11,2023,2023-11-17,True
Hana,Blue Ember,Jazz,EU,235,25,6,2021,2021-06-25,True
Ben,Blue Ember,Jazz,UK,236,16,2,2021,2021-02-16,True
Hana,K.Low,HipHop,JP,107,2,8,2022,2022-08-02,False
Dee,Riftwave,Rock,EU,184,22,12,2023,2023-12-22,True
Cy,Riftwave,Rock,EU,83,29,8,2022,2022-08-29,False
Cy,K.Low,HipHop,UK,211,10,10,2023,2023-10-10,False
Fay,The Larks,Jazz,US,90,5,12,2022,2022-12-05,True
Fay,Nova,Pop,UK,62,4,2,2021,2021-02-04,False
Dee,Blue Ember,Jazz,US,33,14,4,2022,2022-04-14,True
Ada,Nova,Pop,EU,203,24,4,2023,2023-04-24,True
Hana,Vantablack,Rock,US,72,12,7,2022,2022-07-12,False
Ben,Blue Ember,Jazz,UK,196,2,8,2021,2021-08-02,False
Ada,Echo Park,HipHop,US,21,18,7,2021,2021-07-18,False
Eli,Vantablack,Rock,US,121,28,12,2022,2022-12-28,False
Dee,Echo Park,HipHop,US,103,23,5,2022,2022-05-23,True
Eli,Sol Fina,Pop,UK,106,21,9,2022,2022-09-21,False
Hana,Marisol,Classical,EU,41,13,2,2022,2022-02-13,True
Ada,The Larks,Jazz,US,18,7,1,2022,2022-01-07,False
Cy,Marisol,Classical,EU,84,31,12,2022,2022-12-31,False
Eli,Grův,Pop,EU,113,9,1,2021,2021-01-09,True
Gus,Grův,Pop,US,191,22,4,2022,2022-04-22,False
Eli,Vantablack,Rock,EU,111,10,2,2022,2022-02-10,False
Dee,Sol Fina,Pop,UK,60,4,5,2023,2023-05-04,False
Eli,Blue Ember,Jazz,US,63,9,3,2023,2023-03-09,True
Hana,The Larks,Jazz,UK,147,12,4,2022,2022-04-12,True
Dee,Sol Fina,Pop,US,105,15,10,2021,2021-10-15,True
Hana,Grův,Pop,EU,217,16,9,2021,2021-09-16,True
Gus,Blue Ember,Jazz,JP,106,20,8,2021,2021-08-20,False
Cy,Echo Park,HipHop,EU,137,27,10,2021,2021-10-27,True
Ben,Marisol,Classical,UK,16,13,4,2023,2023-04-13,True
Gus,Riftwave,Rock,UK,47,19,2,2021,2021-02-19,False
Ben,Riftwave,Rock,JP,205,29,1,2021,2021-01-29,True
Cy,Vantablack,Rock,US,83,15,8,2022,2022-08-15,False
Ben,K.Low,HipHop,US,102,2,9,2021,2021-09-02,False
Eli,Riftwave,Rock,UK,142,29,6,2023,2023-06-29,True
Cy,Marisol,Classical,US,14,4,4,2023,2023-04-04,False
Fay,Sol Fina,Pop,US,122,23,4,2023,2023-04-23,True
Hana,K.Low,HipHop,US,84,16,5,2022,2022-05-16,False
Gus,Grův,Pop,UK,36,25,4,2022,2022-04-25,False
Hana,Echo Park,HipHop,US,101,12,4,2022,2022-04-12,False
Ada,Vantablack,Rock,US,108,3,8,2021,2021-08-03,False
Dee,Grův,Pop,US,45,14,9,2022,2022-09-14,False
Ben,Marisol,Classical,US,131,4,8,2023,2023-08-04,False
Hana,Riftwave,Rock,EU,180,9,10,2021,2021-10-09,True
Fay,Nova,Pop,US,65,4,3,2021,2021-03-04,True
Cy,Grův,Pop,EU,232,11,9,2022,2022-09-11,False
Eli,Grův,Pop,EU,147,14,3,2022,2022-03-14,False
Eli,Echo Park,HipHop,US,186,24,5,2023,2023-05-24,False
Dee,Riftwave,Rock,EU,17,27,7,2023,2023-07-27,False
Dee,Blue Ember,Jazz,EU,185,7,11,2023,2023-11-07,True
Ada,Nova,Pop,UK,81,7,3,2022,2022-03-07,True
Dee,Nova,Pop,US,171,15,9,2023,2023-09-15,False
Cy,Blue Ember,Jazz,US,194,10,5,2021,2021-05-10,True
Gus,Vantablack,Rock,JP,61,13,2,2022,2022-02-13,False
Gus,Nova,Pop,EU,63,19,10,2021,2021-10-19,False
Gus,Grův,Pop,JP,15,8,10,2023,2023-10-08,False
Ada,Marisol,Classical,JP,146,20,10,2022,2022-10-20,False
Gus,Blue Ember,Jazz,US,186,5,2,2022,2022-02-05,False
Dee,Vantablack,Rock,EU,99,16,6,2021,2021-06-16,False
Dee,Echo Park,HipHop,UK,39,8,5,2023,2023-05-08,True
Hana,K.Low,HipHop,EU,76,19,12,2022,2022-12-19,False
Gus,Nova,Pop,US,97,23,7,2023,2023-07-23,False
Ada,Nova,Pop,US,220,25,4,2022,2022-04-25,True
Cy,The Larks,Jazz,EU,30,14,6,2021,2021-06-14,False
Fay,Riftwave,Rock,EU,83,2,1,2022,2022-01-02,False
Eli,Sol Fina,Pop,UK,154,10,11,2022,2022-11-10,True
Cy,K.Low,HipHop,US,57,21,9,2021,2021-09-21,False
Eli,Echo Park,HipHop,US,213,19,3,2021,2021-03-19,False
Gus,Nova,Pop,JP,219,21,6,2023,2023-06-21,False
Ben,The Larks,Jazz,UK,92,4,8,2022,2022-08-04,True
Fay,Sol Fina,Pop,UK,180,11,3,2022,2022-03-11,False
Fay,Marisol,Classical,UK,182,29,8,2022,2022-08-29,False
Hana,Blue Ember,Jazz,UK,164,20,3,2023,2023-03-20,False
Cy,Grův,Pop,UK,45,2,1,2021,2021-01-02,True
Ben,K.Low,HipHop,UK,12,28,4,2022,2022-04-28,True
Eli,Marisol,Classical,EU,84,6,10,2021,2021-10-06,False
Eli,K.Low,HipHop,JP,32,11,4,2021,2021-04-11,False
Dee,Blue Ember,Jazz,JP,71,9,2,2021,2021-02-09,True
Gus,Marisol,Classical,UK,154,28,4,2022,2022-04-28,True
Gus,Riftwave,Rock,UK,142,19,8,2022,2022-08-19,False
Ben,Nova,Pop,EU,51,10,7,2022,2022-07-10,False
Gus,Blue Ember,Jazz,EU,5,8,5,2023,2023-05-08,False
Ben,Riftwave,Rock,UK,55,17,5,2022,2022-05-17,False
Dee,Marisol,Classical,EU,110,8,10,2022,2022-10-08,False
Ada,The Larks,Jazz,EU,187,13,6,2023,2023-06-13,False
Cy,Riftwave,Rock,EU,88,21,12,2022,2022-12-21,True
Hana,Nova,Pop,EU,69,25,9,2023,2023-09-25,False
Dee,Riftwave,Rock,US,133,31,8,2021,2021-08-31,True
Fay,Vantablack,Rock,UK,18,12,5,2023,2023-05-12,False
Ada,Blue Ember,Jazz,UK,55,2,2,2023,2023-02-02,True
Fay,Marisol,Classical,US,9,1,10,2022,2022-10-01,False
Cy,Nova,Pop,EU,127,5,1,2021,2021-01-05,False
Fay,K.Low,HipHop,UK,107,16,8,2022,2022-08-16,True
Hana,Marisol,Classical,US,140,30,7,2023,2023-07-30,False
Eli,Marisol,Classical,EU,149,7,12,2022,2022-12-07,True
Ada,Vantablack,Rock,EU,95,6,1,2021,2021-01-06,False
Dee,Echo Park,HipHop,EU,209,12,11,2021,2021-11-12,False
Ada,Marisol,Classical,US,221,16,9,2022,2022-09-16,True
Dee,The Larks,Jazz,EU,27,8,6,2023,2023-06-08,False
Ada,Vantablack,Rock,UK,221,3,5,2022,2022-05-03,False
Fay,Blue Ember,Jazz,UK,48,28,7,2023,2023-07-28,True
Cy,Blue Ember,Jazz,US,60,22,5,2023,2023-05-22,False
Ben,K.Low,HipHop,UK,128,20,10,2021,2021-10-20,False
Ada,Vantablack,Rock,EU,8,2,8,2021,2021-08-02,False
Hana,Blue Ember,Jazz,UK,88,16,9,2023,2023-09-16,True
Gus,Grův,Pop,UK,47,8,10,2022,2022-10-08,False
Gus,Marisol,Classical,EU,116,19,7,2023,2023-07-19,True
Ada,The Larks,Jazz,EU,196,7,10,2023,2023-10-07,False
Cy,Sol Fina,Pop,US,222,10,4,2022,2022-04-10,False
Hana,K.Low,HipHop,JP,51,20,2,2021,2021-02-20,False
Eli,Blue Ember,Jazz,EU,131,23,9,2023,2023-09-23,True
Ben,Echo Park,HipHop,JP,114,2,10,2022,2022-10-02,True
Ben,K.Low,HipHop,JP,100,12,5,2021,2021-05-12,False
Cy,Blue Ember,Jazz,JP,152,4,8,2022,2022-08-04,True
Hana,Grův,Pop,EU,238,31,1,2021,2021-01-31,False
Ben,Marisol,Classical,UK,98,14,11,2021,2021-11-14,False
Hana,Nova,Pop,US,16,16,1,2022,2022-01-16,False
Fay,Marisol,Classical,UK,220,13,5,2022,2022-05-13,True
Hana,Marisol,Classical,EU,224,12,9,2022,2022-09-12,True
Gus,The Larks,Jazz,UK,78,9,7,2023,2023-07-09,False
Cy,Echo Park,HipHop,EU,121,20,1,2022,2022-01-20,False
Gus,Riftwave,Rock,US,208,17,3,2023,2023-03-17,True
Ben,Riftwave,Rock,US,121,29,10,2023,2023-10-29,True
Cy,Sol Fina,Pop,UK,116,31,3,2023,2023-03-31,True
Ben,Nova,Pop,UK,222,6,10,2021,2021-10-06,False
Ben,K.Low,HipHop,US,199,13,1,2023,2023-01-13,True
Ada,Riftwave,Rock,US,122,4,11,2021,2021-11-04,True
Ben,Nova,Pop,EU,39,8,6,2022,2022-06-08,False
Ada,Grův,Pop,UK,106,27,11,2022,2022-11-27,True
Dee,Nova,Pop,US,163,18,11,2021,2021-11-18,True
Ada,Nova,Pop,US,66,5,1,2021,2021-01-05,False
Ada,Grův,Pop,UK,129,6,7,2023,2023-07-06,False
Hana,Riftwave,Rock,US,159,8,3,2023,2023-03-08,True
Ada,The Larks,Jazz,EU,21,15,5,2021,2021-05-15,False
Ada,Nova,Pop,EU,137,18,2,2022,2022-02-18,True
Ada,Riftwave,Rock,US,178,14,10,2021,2021-10-14,True
Ben,Riftwave,Rock,UK,52,7,12,2023,2023-12-07,False
Eli,Echo Park,HipHop,US,132,29,10,2023,2023-10-29,False
Gus,Sol Fina,Pop,US,171,28,1,2023,2023-01-28,False
Fay,Marisol,Classical,EU,11,28,4,2022,2022-04-28,False
Eli,Blue Ember,Jazz,UK,155,27,2,2021,2021-02-27,True
Ada,Nova,Pop,EU,63,28,9,2021,2021-09-28,False
Gus,Vantablack,Rock,US,96,12,4,2021,2021-04-12,False
Ada,Blue Ember,Jazz,US,156,15,5,2023,2023-05-15,True
Fay,Vantablack,Rock,UK,2,7,4,2021,2021-04-07,False
Dee,Sol Fina,Pop,UK,5,12,1,2023,2023-01-12,True
Hana,The Larks,Jazz,JP,108,10,11,2023,2023-11-10,False
Cy,Marisol,Classical,US,228,4,12,2021,2021-12-04,False
Fay,Nova,Pop,EU,2,20,1,2023,2023-01-20,True
Dee,Blue Ember,Jazz,EU,190,21,8,2023,2023-08-21,False
Eli,The Larks,Jazz,UK,18,14,4,2022,2022-04-14,True
Hana,Vantablack,Rock,US,118,7,5,2022,2022-05-07,False
Fay,Sol Fina,Pop,UK,104,8,8,2021,2021-08-08,True
Dee,Marisol,Classical,US,113,14,4,2022,2022-04-14,True
Dee,Riftwave,Rock,EU,20,15,8,2023,2023-08-15,True
Fay,The Larks,Jazz,UK,181,28,12,2022,2022-12-28,False
Cy,Echo Park,HipHop,JP,67,9,8,2021,2021-08-09,True
Ben,Grův,Pop,UK,186,31,7,2022,2022-07-31,False
Dee,The Larks,Jazz,UK,158,13,2,2023,2023-02-13,True
Ada,Blue Ember,Jazz,EU,133,26,3,2021,2021-03-26,False
Ben,Blue Ember,Jazz,UK,75,16,4,2023,2023-04-16,True
Dee,Blue Ember,Jazz,JP,157,9,8,2021,2021-08-09,True
Gus,Grův,Pop,US,240,19,11,2021,2021-11-19,False
Gus,Vantablack,Rock,JP,222,1,4,2022,2022-04-01,False
Cy,Marisol,Classical,EU,220,7,7,2022,2022-07-07,False
Dee,Grův,Pop,EU,53,1,10,2023,2023-10-01,False
Ben,Sol Fina,Pop,UK,141,2,9,2021,2021-09-02,False
Gus,Grův,Pop,EU,96,8,10,2021,2021-10-08,False
Ben,Grův,Pop,US,233,19,2,2022,2022-02-19,False
Gus,Nova,Pop,EU,229,28,7,2023,2023-07-28,False
Gus,K.Low,HipHop,US,209,23,11,2023,2023-11-23,False
Fay,Echo Park,HipHop,US,40,13,5,2022,2022-05-13,False
Cy,The Larks,Jazz,UK,77,29,1,2023,2023-01-29,False
Hana,Riftwave,Rock,US,171,2,10,2023,2023-10-02,False
Fay,K.Low,HipHop,US,180,17,7,2023,2023-07-17,False
Fay,Vantablack,Rock,EU,85,16,1,2023,2023-01-16,False
Gus,Echo Park,HipHop,US,33,15,8,2022,2022-08-15,False
Hana,Riftwave,Rock,EU,33,14,12,2023,2023-12-14,False
Ada,Sol Fina,Pop,US,165,19,9,2021,2021-09-19,False
Hana,Blue Ember,Jazz,EU,110,2,2,2022,2022-02-02,False
Gus,Blue Ember,Jazz,EU,118,20,2,2023,2023-02-20,False
Ben,Vantablack,Rock,UK,196,23,1,2021,2021-01-23,False
Cy,Marisol,Classical,EU,5,3,7,2022,2022-07-03,True
Gus,Sol Fina,Pop,JP,182,25,7,2023,2023-07-25,False
Ben,K.Low,HipHop,EU,66,13,7,2021,2021-07-13,True
Dee,The Larks,Jazz,US,224,30,5,2023,2023-05-30,True
Fay,Nova,Pop,UK,230,28,3,2022,2022-03-28,False
Fay,The Larks,Jazz,EU,121,1,8,2023,2023-08-01,False
Hana,Nova,Pop,US,76,27,11,2022,2022-11-27,False
Ada,Echo Park,HipHop,EU,56,22,6,2021,2021-06-22,True
Cy,K.Low,HipHop,US,44,17,3,2023,2023-03-17,False
Hana,K.Low,HipHop,EU,240,3,3,2021,2021-03-03,False
Eli,Nova,Pop,US,46,24,9,2021,2021-09-24,False
Ben,Echo Park,HipHop,US,108,31,8,2023,2023-08-31,False
Cy,Riftwave,Rock,JP,116,18,8,2023,2023-08-18,True
Cy,Sol Fina,Pop,EU,164,20,2,2021,2021-02-20,True
Eli,Echo Park,HipHop,EU,203,20,2,2022,2022-02-20,True
Cy,The Larks,Jazz,JP,134,14,4,2021,2021-04-14,True
Eli,Echo Park,HipHop,UK,182,24,10,2021,2021-10-24,True
Dee,K.Low,HipHop,US,137,26,11,2023,2023-11-26,True
Eli,Echo Park,HipHop,US,105,2,8,2021,2021-08-02,True
Ben,The Larks,Jazz,UK,38,4,12,2022,2022-12-04,True
Eli,K.Low,HipHop,US,51,31,5,2023,2023-05-31,True
Hana,Riftwave,Rock,JP,104,23,8,2023,2023-08-23,False
Ben,The Larks,Jazz,US,12,23,1,2022,2022-01-23,True
Cy,Riftwave,Rock,US,76,3,2,2023,2023-02-03,False
Fay,Vantablack,Rock,US,112,14,6,2022,2022-06-14,True
Eli,Blue Ember,Jazz,US,114,28,4,2021,2021-04-28,True
Fay,Riftwave,Rock,US,196,1,9,2021,2021-09-01,True
Eli,Echo Park,HipHop,EU,233,31,3,2023,2023-03-31,False
Fay,Riftwave,Rock,US,176,22,1,2023,2023-01-22,True
Eli,Sol Fina,Pop,UK,20,25,7,2022,2022-07-25,False
Ada,Sol Fina,Pop,EU,99,6,5,2023,2023-05-06,True
Gus,Nova,Pop,UK,176,27,1,2023,2023-01-27,False
Dee,Riftwave,Rock,EU,143,7,1,2022,2022-01-07,True
Ada,Echo Park,HipHop,US,110,18,11,2021,2021-11-18,True
Dee,Vantablack,Rock,US,105,1,11,2023,2023-11-01,False
Dee,Riftwave,Rock,US,98,1,12,2023,2023-12-01,True
Ada,Grův,Pop,JP,139,3,2,2021,2021-02-03,True
Hana,Blue Ember,Jazz,UK,43,16,5,2023,2023-05-16,False
Ben,Nova,Pop,US,125,26,5,2021,2021-05-26,True
Cy,Grův,Pop,UK,50,2,8,2023,2023-08-02,True
Dee,Nova,Pop,EU,164,7,10,2022,2022-10-07,False
Gus,Vantablack,Rock,EU,208,24,1,2023,2023-01-24,True
Fay,Grův,Pop,UK,122,8,2,2023,2023-02-08,False
Gus,Vantablack,Rock,EU,94,25,10,2022,2022-10-25,False
Ben,Vantablack,Rock,EU,226,2,10,2021,2021-10-02,False
Gus,K.Low,HipHop,UK,159,3,6,2023,2023-06-03,True
Gus,Riftwave,Rock,US,103,30,8,2022,2022-08-30,False
Dee,Vantablack,Rock,US,7,20,8,2022,2022-08-20,False
Eli,The Larks,Jazz,JP,4,15,12,2021,2021-12-15,True
Ada,Nova,Pop,UK,54,11,1,2021,2021-01-11,False
Gus,The Larks,Jazz,UK,57,30,8,2022,2022-08-30,False
Hana,Marisol,Classical,UK,174,13,1,2022,2022-01-13,False
Dee,Vantablack,Rock,US,121,23,12,2022,2022-12-23,True
Eli,Riftwave,Rock,EU,240,4,2,2022,2022-02-04,True
Dee,Sol Fina,Pop,US,130,2,12,2023,2023-12-02,False
Ada,Riftwave,Rock,EU,217,16,1,2023,2023-01-16,False
Eli,Blue Ember,Jazz,UK,133,14,5,2022,2022-05-14,True
Fay,Echo Park,HipHop,US,86,15,2,2023,2023-02-15,True
Hana,Nova,Pop,US,172,11,12,2022,2022-12-11,False
Hana,Marisol,Classical,EU,108,11,11,2022,2022-11-11,True
Dee,Vantablack,Rock,US,66,25,9,2022,2022-09-25,True
Hana,Riftwave,Rock,US,114,18,10,2023,2023-10-18,False
Eli,Blue Ember,Jazz,EU,160,14,12,2021,2021-12-14,True
Fay,K.Low,HipHop,US,91,19,4,2022,2022-04-19,True
Eli,Sol Fina,Pop,US,169,5,10,2021,2021-10-05,True
Hana,Grův,Pop,US,236,16,9,2022,2022-09-16,False
Fay,The Larks,Jazz,EU,99,18,12,2023,2023-12-18,True
Ada,Riftwave,Rock,US,71,29,10,2022,2022-10-29,False
Ada,Nova,Pop,US,97,15,8,2021,2021-08-15,False
Dee,Nova,Pop,US,202,7,10,2023,2023-10-07,False
Eli,Vantablack,Rock,US,43,16,5,2023,2023-05-16,False
Fay,Riftwave,Rock,US,234,27,4,2022,2022-04-27,False
Dee,Blue Ember,Jazz,US,100,10,6,2021,2021-06-10,True
Eli,The Larks,Jazz,US,202,17,3,2022,2022-03-17,False
Hana,The Larks,Jazz,UK,189,31,5,2023,2023-05-31,False
Cy,The Larks,Jazz,EU,189,24,9,2022,2022-09-24,False
Dee,Blue Ember,Jazz,US,219,23,7,2021,2021-07-23,False
Eli,Sol Fina,Pop,US,45,23,6,2021,2021-06-23,True
Dee,Sol Fina,Pop,JP,143,26,11,2023,2023-11-26,False
Hana,Riftwave,Rock,EU,24,5,5,2022,2022-05-05,True
Hana,Vantablack,Rock,EU,72,22,1,2023,2023-01-22,False
Eli,Vantablack,Rock,US,10,30,1,2022,2022-01-30,True
Dee,K.Low,HipHop,UK,164,9,4,2021,2021-04-09,False
Eli,Echo Park,HipHop,US,146,28,3,2022,2022-03-28,False
Ben,Sol Fina,Pop,US,178,30,1,2023,2023-01-30,False
Dee,Vantablack,Rock,US,43,1,1,2022,2022-01-01,True
Ben,Echo Park,HipHop,UK,80,23,10,2022,2022-10-23,False
Ben,Echo Park,HipHop,US,163,25,4,2022,2022-04-25,True
Ada,Vantablack,Rock,UK,199,5,1,2022,2022-01-05,True
Eli,Blue Ember,Jazz,US,213,7,10,2021,2021-10-07,False
Ada,Echo Park,HipHop,US,18,13,10,2021,2021-10-13,False
Fay,Echo Park,HipHop,EU,97,7,10,2021,2021-10-07,False
Dee,Grův,Pop,EU,3,27,2,2023,2023-02-27,True
Cy,Riftwave,Rock,US,197,5,1,2022,2022-01-05,False
Gus,Marisol,Classical,UK,30,23,3,2023,2023-03-23,False
Eli,Grův,Pop,US,198,7,12,2021,2021-12-07,True
Fay,Vantablack,Rock,US,38,25,12,2021,2021-12-25,False
Fay,Grův,Pop,EU,4,10,10,2023,2023-10-10,False
Ada,Nova,Pop,US,211,18,8,2023,2023-08-18,False
Ben,Nova,Pop,UK,106,15,3,2022,2022-03-15,False
Eli,Echo Park,HipHop,UK,102,22,10,2021,2021-10-22,False
Hana,K.Low,HipHop,US,156,23,2,2023,2023-02-23,True
Ben,Vantablack,Rock,US,66,18,3,2021,2021-03-18,True
Ada,Marisol,Classical,US,166,15,5,2022,2022-05-15,False
Hana,Marisol,Classical,JP,103,19,10,2022,2022-10-19,False
Hana,Grův,Pop,UK,66,10,1,2023,2023-01-10,False
Ben,Nova,Pop,US,95,28,4,2021,2021-04-28,False
Dee,Echo Park,HipHop,US,2,4,1,2021,2021-01-04,False
Fay,The Larks,Jazz,UK,73,30,10,2021,2021-10-30,True
Ben,Sol Fina,Pop,US,142,11,5,2021,2021-05-11,False
Cy,K.Low,HipHop,UK,34,10,7,2022,2022-07-10,False
Dee,Riftwave,Rock,EU,29,4,10,2023,2023-10-04,False
Fay,Sol Fina,Pop,UK,158,10,11,2021,2021-11-10,True
Cy,Marisol,Classical,US,103,12,5,2022,2022-05-12,True
Dee,Riftwave,Rock,US,33,24,8,2021,2021-08-24,True
Cy,K.Low,HipHop,US,180,18,2,2021,2021-02-18,False
Gus,Grův,Pop,UK,187,9,2,2023,2023-02-09,False
Ben,Blue Ember,Jazz,EU,9,8,10,2021,2021-10-08,True
Ben,Riftwave,Rock,US,49,22,8,2022,2022-08-22,False
Ben,Sol Fina,Pop,UK,89,18,1,2023,2023-01-18,False
Hana,Riftwave,Rock,EU,176,9,7,2023,2023-07-09,True
Hana,Grův,Pop,US,18,23,7,2021,2021-07-23,False
Eli,The Larks,Jazz,US,194,29,9,2022,2022-09-29,False
Ben,Grův,Pop,US,77,25,9,2023,2023-09-25,True
Gus,Grův,Pop,EU,31,14,6,2022,2022-06-14,False
Dee,Blue Ember,Jazz,UK,208,14,2,2021,2021-02-14,False
Gus,Blue Ember,Jazz,EU,21,14,10,2021,2021-10-14,True
Cy,K.Low,HipHop,EU,32,21,5,2023,2023-05-21,True
Hana,Marisol,Classical,EU,228,18,5,2023,2023-05-18,False
Gus,The Larks,Jazz,JP,125,11,12,2021,2021-12-11,True
Ben,Echo Park,HipHop,EU,112,4,8,2021,2021-08-04,False
Fay,Sol Fina,Pop,EU,165,16,11,2021,2021-11-16,False
Cy,The Larks,Jazz,EU,152,23,9,2021,2021-09-23,False
Cy,Sol Fina,Pop,EU,148,23,3,2023,2023-03-23,False
Cy,K.Low,HipHop,EU,6,11,7,2023,2023-07-11,False
Fay,Marisol,Classical,JP,133,21,2,2021,2021-02-21,False
Cy,Vantablack,Rock,UK,67,23,3,2023,2023-03-23,False
Fay,Nova,Pop,UK,194,4,4,2023,2023-04-04,True
Eli,Echo Park,HipHop,UK,122,3,11,2022,2022-11-03,True
Gus,Sol Fina,Pop,EU,30,13,8,2023,2023-08-13,True
Hana,Echo Park,HipHop,UK,213,12,2,2021,2021-02-12,True
Ada,Vantablack,Rock,EU,69,6,2,2023,2023-02-06,False
Hana,Echo Park,HipHop,EU,66,20,5,2021,2021-05-20,True
Ada,Grův,Pop,JP,225,10,9,2023,2023-09-10,True
Eli,Vantablack,Rock,US,187,2,7,2022,2022-07-02,True
Cy,Marisol,Classical,EU,207,10,4,2021,2021-04-10,False
Fay,Riftwave,Rock,EU,159,29,3,2023,2023-03-29,False
Fay,Echo Park,HipHop,JP,219,1,4,2023,2023-04-01,False
Gus,Grův,Pop,JP,28,24,5,2022,2022-05-24,False
Dee,Sol Fina,Pop,UK,144,6,12,2021,2021-12-06,False
Hana,The Larks,Jazz,UK,71,19,1,2021,2021-01-19,False
Cy,The Larks,Jazz,US,96,22,9,2023,2023-09-22,True
Ben,Echo Park,HipHop,JP,58,21,7,2021,2021-07-21,False
Dee,Vantablack,Rock,US,50,12,7,2023,2023-07-12,True
Eli,Nova,Pop,EU,107,7,10,2022,2022-10-07,False
Fay,Nova,Pop,EU,221,21,1,2023,2023-01-21,False
Gus,Blue Ember,Jazz,UK,153,31,1,2023,2023-01-31,True
Ben,Marisol,Classical,US,84,29,7,2023,2023-07-29,False
Cy,Echo Park,HipHop,US,105,6,2,2021,2021-02-06,True
Hana,Marisol,Classical,EU,128,22,12,2023,2023-12-22,True
Dee,Nova,Pop,UK,59,17,2,2021,2021-02-17,True
Ben,Blue Ember,Jazz,US,126,30,12,2023,2023-12-30,True
Hana,Grův,Pop,EU,168,14,10,2021,2021-10-14,True
Dee,Grův,Pop,US,59,16,7,2023,2023-07-16,False
Hana,K.Low,HipHop,EU,141,2,4,2021,2021-04-02,False
Hana,The Larks,Jazz,US,171,20,5,2022,2022-05-20,False
Hana,Echo Park,HipHop,US,125,17,8,2022,2022-08-17,False
Eli,Grův,Pop,US,71,11,11,2023,2023-11-11,True
Gus,The Larks,Jazz,UK,134,16,5,2021,2021-05-16,True
Hana,Sol Fina,Pop,UK,191,9,2,2021,2021-02-09,False
Cy,K.Low,HipHop,EU,54,11,12,2022,2022-12-11,False
Ada,Sol Fina,Pop,UK,138,23,2,2021,2021-02-23,False
Cy,K.Low,HipHop,US,164,2,5,2023,2023-05-02,True
Fay,K.Low,HipHop,US,78,11,2,2021,2021-02-11,False
Eli,Sol Fina,Pop,US,94,29,11,2023,2023-11-29,False
Ada,Vantablack,Rock,JP,214,7,8,2022,2022-08-07,True
Eli,Vantablack,Rock,US,88,5,11,2023,2023-11-05,True
Ben,K.Low,HipHop,JP,144,19,5,2021,2021-05-19,True
Eli,Marisol,Classical,US,36,27,10,2021,2021-10-27,False
Eli,Nova,Pop,US,223,14,5,2022,2022-05-14,False
Fay,Sol Fina,Pop,US,144,2,2,2021,2021-02-02,False
Dee,Vantablack,Rock,US,183,23,4,2021,2021-04-23,True
Dee,Grův,Pop,EU,145,27,12,2021,2021-12-27,False
Fay,Vantablack,Rock,UK,86,19,3,2023,2023-03-19,False
Fay,Marisol,Classical,US,82,15,2,2023,2023-02-15,False
Gus,Nova,Pop,EU,169,6,4,2021,2021-04-06,False
Cy,Riftwave,Rock,UK,207,7,3,2021,2021-03-07,True
Dee,K.Low,HipHop,JP,31,20,12,2022,2022-12-20,True
Cy,K.Low,HipHop,JP,203,29,1,2022,2022-01-29,False
Eli,K.Low,HipHop,EU,200,18,5,2023,2023-05-18,False
Ben,K.Low,HipHop,EU,27,23,11,2021,2021-11-23,False
Dee,Echo Park,HipHop,EU,26,2,2,2022,2022-02-02,False
Ben,Riftwave,Rock,UK,167,29,8,2021,2021-08-29,True
Eli,K.Low,HipHop,EU,203,19,10,2021,2021-10-19,True
Gus,Riftwave,Rock,US,95,13,2,2023,2023-02-13,False
Hana,K.Low,HipHop,EU,154,1,6,2022,2022-06-01,True
Dee,Sol Fina,Pop,JP,240,23,12,2022,2022-12-23,False
Ada,Nova,Pop,US,78,28,3,2021,2021-03-28,True
Ben,K.Low,HipHop,EU,55,10,8,2022,2022-08-10,True
Ada,Nova,Pop,JP,238,18,5,2022,2022-05-18,False
Gus,Grův,Pop,US,68,25,9,2023,2023-09-25,True
Hana,Echo Park,HipHop,UK,114,9,4,2022,2022-04-09,False
Eli,Blue Ember,Jazz,JP,107,23,4,2021,2021-04-23,False
Ben,Riftwave,Rock,JP,126,3,2,2023,2023-02-03,False
Ada,Nova,Pop,US,65,13,6,2021,2021-06-13,False
Hana,Marisol,Classical,US,163,23,9,2023,2023-09-23,False
Cy,Echo Park,HipHop,EU,167,24,2,2022,2022-02-24,False
Ada,Vantablack,Rock,US,49,10,5,2023,2023-05-10,True
Ben,The Larks,Jazz,US,116,20,12,2022,2022-12-20,True
Cy,K.Low,HipHop,US,14,25,5,2022,2022-05-25,False
Fay,Blue Ember,Jazz,US,54,2,10,2022,2022-10-02,False
Hana,Marisol,Classical,UK,237,20,7,2021,2021-07-20,False
Cy,Blue Ember,Jazz,EU,122,23,3,2021,2021-03-23,False
Fay,Grův,Pop,UK,150,20,4,2023,2023-04-20,False
Ada,Riftwave,Rock,EU,214,16,11,2023,2023-11-16,True
Ada,Marisol,Classical,UK,172,2,8,2023,2023-08-02,False
Ada,Vantablack,Rock,US,191,1,12,2021,2021-12-01,True
Hana,Nova,Pop,US,171,28,1,2022,2022-01-28,True
Eli,Marisol,Classical,US,120,29,1,2022,2022-01-29,False
Gus,Marisol,Classical,US,152,9,2,2023,2023-02-09,False
Ada,Blue Ember,Jazz,US,70,14,11,2022,2022-11-14,True
Ada,Riftwave,Rock,US,214,23,5,2023,2023-05-23,False
Gus,Nova,Pop,US,44,1,11,2023,2023-11-01,False
Ada,Nova,Pop,EU,213,6,3,2022,2022-03-06,False
Ben,Marisol,Classical,UK,211,27,12,2022,2022-12-27,False
Eli,Nova,Pop,JP,35,2,7,2022,2022-07-02,False
Eli,Grův,Pop,EU,171,12,11,2023,2023-11-12,False
Ben,Blue Ember,Jazz,UK,238,23,1,2022,2022-01-23,True
Dee,Sol Fina,Pop,US,138,25,7,2021,2021-07-25,True
Fay,Sol Fina,Pop,UK,82,19,2,2022,2022-02-19,True
Dee,Marisol,Classical,US,212,9,11,2022,2022-11-09,True
Dee,The Larks,Jazz,UK,124,10,11,2023,2023-11-10,False
Ada,Riftwave,Rock,US,30,27,6,2023,2023-06-27,True
Dee,Blue Ember,Jazz,UK,60,21,1,2021,2021-01-21,False
Gus,Blue Ember,Jazz,US,164,12,7,2022,2022-07-12,True
Fay,Riftwave,Rock,EU,110,24,6,2021,2021-06-24,True
Hana,Blue Ember,Jazz,EU,53,1,2,2022,2022-02-01,False
Ben,K.Low,HipHop,EU,192,31,10,2023,2023-10-31,False
Ada,Echo Park,HipHop,UK,29,15,12,2023,2023-12-15,False
Eli,K.Low,HipHop,UK,53,18,6,2021,2021-06-18,False
Ben,The Larks,Jazz,US,112,4,6,2021,2021-06-04,True
Eli,Echo Park,HipHop,EU,10,2,2,2023,2023-02-02,False
Hana,Grův,Pop,UK,93,26,3,2022,2022-03-26,False
Cy,Riftwave,Rock,US,219,19,4,2022,2022-04-19,True
Eli,Grův,Pop,US,226,15,8,2023,2023-08-15,False
Fay,Sol Fina,Pop,JP,210,6,10,2023,2023-10-06,False
Ben,Grův,Pop,UK,78,14,9,2023,2023-09-14,False
Hana,K.Low,HipHop,UK,16,8,5,2023,2023-05-08,False
Ben,Grův,Pop,UK,196,10,12,2023,2023-12-10,False
Gus,Vantablack,Rock,UK,90,28,2,2023,2023-02-28,True
Fay,Nova,Pop,UK,180,27,8,2023,2023-08-27,False
Ben,Marisol,Classical,US,29,15,8,2022,2022-08-15,True
Fay,Riftwave,Rock,UK,161,25,2,2021,2021-02-25,True
Ben,Grův,Pop,EU,141,14,6,2023,2023-06-14,True
Eli,K.Low,HipHop,US,221,16,10,2023,2023-10-16,False
Hana,Blue Ember,Jazz,EU,25,8,12,2021,2021-12-08,False
Hana,Vantablack,Rock,US,98,14,4,2022,2022-04-14,False
Gus,Marisol,Classical,EU,238,19,9,2022,2022-09-19,False
Dee,Nova,Pop,UK,94,15,12,2022,2022-12-15,False
Eli,The Larks,Jazz,EU,158,9,1,2023,2023-01-09,False
Cy,The Larks,Jazz,UK,39,8,3,2022,2022-03-08,True
Hana,Echo Park,HipHop,JP,175,25,7,2023,2023-07-25,False
Dee,Sol Fina,Pop,UK,67,10,6,2023,2023-06-10,True
Gus,Marisol,Classical,EU,138,29,10,2023,2023-10-29,True
Cy,Vantablack,Rock,EU,212,23,9,2022,2022-09-23,True
Fay,Vantablack,Rock,US,159,26,3,2021,2021-03-26,True
Ben,Riftwave,Rock,US,114,15,7,2023,2023-07-15,False
Fay,Nova,Pop,UK,46,29,3,2021,2021-03-29,False
Ada,Blue Ember,Jazz,US,82,1,8,2021,2021-08-01,True
Ada,Marisol,Classical,US,204,9,11,2021,2021-11-09,False
Cy,Riftwave,Rock,US,52,22,7,2021,2021-07-22,True
Dee,Riftwave,Rock,UK,158,4,3,2023,2023-03-04,True
Fay,The Larks,Jazz,US,117,28,4,2022,2022-04-28,True
Cy,K.Low,HipHop,EU,78,29,8,2021,2021-08-29,True
Ada,Vantablack,Rock,UK,172,6,1,2021,2021-01-06,True
Cy,Vantablack,Rock,EU,87,25,8,2021,2021-08-25,True
Dee,Echo Park,HipHop,US,69,29,1,2023,2023-01-29,True
Eli,Echo Park,HipHop,UK,128,20,5,2023,2023-05-20,True
Fay,Blue Ember,Jazz,US,182,21,11,2021,2021-11-21,False
Ben,The Larks,Jazz,EU,208,22,3,2021,2021-03-22,True
Eli,K.Low,HipHop,US,152,3,9,2022,2022-09-03,True
Fay,The Larks,Jazz,JP,159,8,5,2023,2023-05-08,False
Gus,Marisol,Classical,US,190,18,3,2021,2021-03-18,True
Eli,Riftwave,Rock,UK,65,22,5,2023,2023-05-22,False
Gus,Echo Park,HipHop,US,61,6,7,2021,2021-07-06,True
Ben,Nova,Pop,UK,117,10,10,2021,2021-10-10,False
Fay,Echo Park,HipHop,UK,152,14,11,2022,2022-11-14,False
Ada,Nova,Pop,US,156,26,2,2021,2021-02-26,False
Ada,Blue Ember,Jazz,US,37,1,12,2021,2021-12-01,False
Gus,Sol Fina,Pop,US,188,2,6,2021,2021-06-02,False
Dee,Grův,Pop,US,88,24,8,2021,2021-08-24,True
Eli,Marisol,Classical,JP,211,27,4,2023,2023-04-27,True
Eli,Riftwave,Rock,UK,174,8,9,2021,2021-09-08,False
Fay,Blue Ember,Jazz,US,236,17,2,2021,2021-02-17,True
Ben,The Larks,Jazz,JP,152,24,8,2021,2021-08-24,True
Ben,Echo Park,HipHop,US,127,5,4,2021,2021-04-05,False
Ada,Riftwave,Rock,UK,46,14,11,2022,2022-11-14,True
Gus,K.Low,HipHop,EU,96,2,12,2023,2023-12-02,True
Ben,Blue Ember,Jazz,JP,207,3,7,2021,2021-07-03,False
Eli,Riftwave,Rock,EU,92,10,3,2023,2023-03-10,True
Dee,The Larks,Jazz,UK,13,2,2,2022,2022-02-02,False
Ben,Sol Fina,Pop,JP,59,20,3,2021,2021-03-20,False
Dee,Riftwave,Rock,US,143,24,1,2023,2023-01-24,False
Ada,Sol Fina,Pop,JP,151,18,8,2021,2021-08-18,False
Ben,Marisol,Classical,EU,237,17,7,2022,2022-07-17,True
Ben,Nova,Pop,JP,225,10,7,2022,2022-07-10,False
Gus,Marisol,Classical,US,128,17,10,2022,2022-10-17,False
Eli,Riftwave,Rock,US,134,28,5,2021,2021-05-28,False
Hana,Blue Ember,Jazz,EU,193,2,10,2021,2021-10-02,True
Dee,The Larks,Jazz,UK,12,19,3,2023,2023-03-19,True
Ben,Echo Park,HipHop,UK,143,19,10,2023,2023-10-19,True
Eli,Riftwave,Rock,JP,114,13,1,2021,2021-01-13,True
Hana,The Larks,Jazz,UK,188,30,3,2022,2022-03-30,True
Eli,Vantablack,Rock,US,193,24,8,2023,2023-08-24,False
Ada,The Larks,Jazz,UK,158,11,11,2021,2021-11-11,True
Cy,Echo Park,HipHop,US,158,6,5,2022,2022-05-06,False
Hana,K.Low,HipHop,US,166,18,9,2023,2023-09-18,False
Eli,Vantablack,Rock,US,140,28,11,2023,2023-11-28,True
Hana,Vantablack,Rock,EU,55,19,12,2022,2022-12-19,False
Eli,Echo Park,HipHop,EU,69,31,1,2023,2023-01-31,False
Ada,Blue Ember,Jazz,UK,179,4,11,2022,2022-11-04,True
Gus,K.Low,HipHop,US,149,7,11,2021,2021-11-07,False
Gus,Blue Ember,Jazz,EU,58,29,8,2023,2023-08-29,False
Fay,Blue Ember,Jazz,EU,211,7,2,2021,2021-02-07,False
Hana,Riftwave,Rock,EU,236,6,3,2021,2021-03-06,False
Ben,Nova,Pop,UK,151,21,10,2022,2022-10-21,False
Hana,Grův,Pop,EU,55,7,7,2023,2023-07-07,True
Ben,Nova,Pop,UK,226,11,6,2023,2023-06-11,False
Hana,The Larks,Jazz,UK,57,13,1,2023,2023-01-13,False
Ben,Nova,Pop,EU,104,17,2,2022,2022-02-17,False
Eli,Echo Park,HipHop,US,207,30,1,2022,2022-01-30,False
Gus,K.Low,HipHop,US,125,12,4,2022,2022-04-12,False
Ada,Vantablack,Rock,US,59,8,10,2021,2021-10-08,False
Ada,Blue Ember,Jazz,UK,20,4,4,2022,2022-04-04,True
Gus,Marisol,Classical,UK,87,25,4,2021,2021-04-25,False
Ada,Marisol,Classical,EU,162,17,12,2021,2021-12-17,True
Eli,Vantablack,Rock,UK,172,28,10,2023,2023-10-28,False
Hana,K.Low,HipHop,US,54,14,2,2023,2023-02-14,False
Eli,Vantablack,Rock,EU,39,5,6,2021,2021-06-05,False
Dee,The Larks,Jazz,US,169,10,11,2021,2021-11-10,False
Dee,Marisol,Classical,JP,39,12,10,2021,2021-10-12,False
Fay,K.Low,HipHop,US,16,5,11,2021,2021-11-05,True
Eli,Riftwave,Rock,UK,117,27,1,2023,2023-01-27,True
Eli,K.Low,HipHop,UK,138,8,9,2023,2023-09-08,True
Ben,Riftwave,Rock,EU,59,17,2,2023,2023-02-17,False
Fay,Riftwave,Rock,US,51,19,6,2022,2022-06-19,True
Fay,Grův,Pop,JP,57,26,6,2021,2021-06-26,False
Fay,Nova,Pop,UK,83,6,6,2021,2021-06-06,True
Ada,Marisol,Classical,UK,3,11,6,2023,2023-06-11,False
Fay,The Larks,Jazz,UK,3,13,1,2023,2023-01-13,False
Fay,Grův,Pop,US,89,13,7,2022,2022-07-13,False
Ben,Riftwave,Rock,UK,5,25,9,2022,2022-09-25,False
Gus,Riftwave,Rock,US,77,19,7,2023,2023-07-19,False
Eli,K.Low,HipHop,US,140,11,6,2023,2023-06-11,False
Dee,Vantablack,Rock,UK,8,6,4,2021,2021-04-06,False
Fay,Grův,Pop,UK,149,9,3,2022,2022-03-09,True
Eli,Blue Ember,Jazz,US,150,16,2,2021,2021-02-16,True
Eli,Riftwave,Rock,US,138,26,2,2022,2022-02-26,False
Cy,Blue Ember,Jazz,US,151,29,11,2022,2022-11-29,False
Hana,The Larks,Jazz,US,195,17,8,2021,2021-08-17,False
Hana,Nova,Pop,UK,17,14,6,2021,2021-06-14,False
Ben,K.Low,HipHop,US,41,22,6,2022,2022-06-22,True
Fay,Riftwave,Rock,EU,77,29,7,2022,2022-07-29,False
Ada,Riftwave,Rock,US,166,21,2,2023,2023-02-21,False
Cy,Grův,Pop,US,210,16,1,2021,2021-01-16,False
Hana,Nova,Pop,EU,221,29,9,2021,2021-09-29,False
Ben,K.Low,HipHop,US,140,5,5,2023,2023-05-05,False
Dee,Grův,Pop,UK,99,17,1,2023,2023-01-17,False
Ben,Sol Fina,Pop,JP,99,12,9,2023,2023-09-12,False
Fay,Nova,Pop,JP,15,12,6,2023,2023-06-12,True
Dee,Marisol,Classical,EU,112,8,7,2023,2023-07-08,False
Eli,Grův,Pop,US,124,14,7,2022,2022-07-14,False
Hana,Marisol,Classical,UK,50,16,11,2023,2023-11-16,False
Eli,Vantablack,Rock,JP,185,1,4,2022,2022-04-01,True
Fay,Vantablack,Rock,JP,195,16,9,2023,2023-09-16,False
Ada,Sol Fina,Pop,US,73,6,3,2022,2022-03-06,True
Ben,Riftwave,Rock,US,220,2,5,2022,2022-05-02,False
Hana,The Larks,Jazz,US,26,21,1,2023,2023-01-21,True
Gus,Grův,Pop,US,219,13,3,2022,2022-03-13,True
Fay,Riftwave,Rock,EU,185,11,6,2021,2021-06-11,False
Dee,The Larks,Jazz,US,54,9,9,2023,2023-09-09,True
Ben,The Larks,Jazz,US,157,11,5,2022,2022-05-11,True
Gus,Echo Park,HipHop,US,75,12,10,2023,2023-10-12,False
Gus,K.Low,HipHop,UK,192,14,3,2022,2022-03-14,False
Ben,Marisol,Classical,US,39,2,12,2023,2023-12-02,True
Eli,The Larks,Jazz,UK,59,23,10,2022,2022-10-23,False
Eli,Riftwave,Rock,US,74,22,4,2023,2023-04-22,False
Dee,The Larks,Jazz,JP,48,8,4,2023,2023-04-08,False
Hana,Grův,Pop,US,80,10,8,2021,2021-08-10,True
Ada,Sol Fina,Pop,UK,145,12,6,2023,2023-06-12,True
Cy,K.Low,HipHop,US,152,1,11,2023,2023-11-01,False
Ada,Vantablack,Rock,US,133,25,12,2022,2022-12-25,False
Fay,Nova,Pop,US,46,4,11,2023,2023-11-04,True
Fay,Grův,Pop,US,49,16,7,2023,2023-07-16,False
Hana,K.Low,HipHop,US,221,31,12,2022,2022-12-31,True
Eli,Nova,Pop,UK,61,7,6,2022,2022-06-07,False
Ben,Echo Park,HipHop,EU,25,28,7,2023,2023-07-28,False
Dee,Sol Fina,Pop,US,109,23,7,2021,2021-07-23,False
Ada,Sol Fina,Pop,UK,2,7,9,2022,2022-09-07,False
Fay,Nova,Pop,UK,83,13,6,2023,2023-06-13,True
Fay,Echo Park,HipHop,US,206,31,10,2023,2023-10-31,False
Gus,Sol Fina,Pop,US,65,20,10,2021,2021-10-20,True
Cy,Echo Park,HipHop,US,169,13,4,2021,2021-04-13,False
Cy,The Larks,Jazz,US,118,1,1,2022,2022-01-01,False
Ada,Blue Ember,Jazz,UK,86,5,8,2023,2023-08-05,True
Dee,Blue Ember,Jazz,JP,159,28,7,2022,2022-07-28,True
Dee,Grův,Pop,JP,143,2,3,2021,2021-03-02,True
Gus,Vantablack,Rock,JP,77,11,5,2021,2021-05-11,True
Gus,Marisol,Classical,UK,54,7,1,2022,2022-01-07,True
Ben,Blue Ember,Jazz,US,221,11,1,2022,2022-01-11,False
Cy,Sol Fina,Pop,US,41,29,5,2021,2021-05-29,False
Eli,Echo Park,HipHop,US,231,26,6,2022,2022-06-26,False
Cy,Nova,Pop,US,114,9,6,2022,2022-06-09,False
Ada,Vantablack,Rock,US,240,7,8,2021,2021-08-07,False
Gus,Grův,Pop,UK,85,12,9,2021,2021-09-12,True
Fay,Blue Ember,Jazz,US,136,29,12,2022,2022-12-29,False
Eli,Blue Ember,Jazz,US,148,9,11,2023,2023-11-09,False
