station,city,region,temp,humidity,day,month,year,date,rained
WX08,Fargo,North,70,44,15,6,2023,2023-06-15,True
WX05,Boston,East,82,55,30,9,2023,2023-09-30,False
WX01,Denver,West,64,63,15,4,2022,2022-04-15,True
WX08,Fargo,North,82,22,29,6,2022,2022-06-29,False
WX08,Fargo,North,24,29,28,1,2022,2022-01-28,True
WX03,Austin,South,23,18,23,12,2022,2022-12-23,True
WX04,Miami,South,27,28,27,12,2022,2022-12-27,True
WX01,Denver,West,11,49,22,1,2022,2022-01-22,False
WX07,Chicago,North,60,95,28,4,2023,2023-04-28,False
WX07,Chicago,North,7,93,7,1,2022,2022-01-07,False
WX01,Denver,West,71,79,2,8,2023,2023-08-02,False
WX06,Newark,East,72,60,30,5,2023,2023-05-30,False
WX04,Miami,South,84,28,19,8,2023,2023-08-19,False
WX05,Boston,East,40,42,28,3,2022,2022-03-28,False
WX02,Seattle,West,67,79,28,9,2023,2023-09-28,False
WX07,Chicago,North,40,92,4,2,2023,2023-02-04,True
WX04,Miami,South,74,97,23,9,2023,2023-09-23,False
WX07,Chicago,North,74,45,24,5,2023,2023-05-24,False
WX02,Seattle,West,57,54,25,4,2023,2023-04-25,True
WX05,Boston,East,28,56,24,1,2022,2022-01-24,False
WX03,Austin,South,77,15,21,5,2023,2023-05-21,False
WX08,Fargo,North,41,20,24,11,2022,2022-11-24,True
WX05,Boston,East,78,14,12,9,2023,2023-09-12,False
WX06,Newark,East,58,77,15,5,2023,2023-05-15,True
WX01,Denver,West,10,30,24,2,2022,2022-02-24,True
WX06,Newark,East,54,73,12,10,2023,2023-10-12,False
WX01,Denver,West,23,44,15,2,2022,2022-02-15,False
WX03,Austin,South,90,82,7,8,2022,2022-08-07,False
WX02,Seattle,West,85,20,8,6,2022,2022-06-08,False
WX01,Denver,West,29,39,13,12,2023,2023-12-13,False
WX05,Boston,East,45,28,22,4,2022,2022-04-22,False
WX02,Seattle,West,72,49,9,9,2023,2023-09-09,False
WX05,Boston,East,75,61,12,6,2022,2022-06-12,True
WX07,Chicago,North,58,25,20,4,2023,2023-04-20,False
WX02,Seattle,West,22,70,7,3,2022,2022-03-07,False
WX06,Newark,East,58,97,14,10,2022,2022-10-14,False
WX03,Austin,South,26,13,31,3,2023,2023-03-31,False
WX03,Austin,South,82,17,4,6,2023,2023-06-04,True
WX05,Boston,East,80,96,29,9,2023,2023-09-29,False
WX06,Newark,East,87,69,19,8,2023,2023-08-19,False
WX06,Newark,East,7,93,14,1,2023,2023-01-14,False
WX02,Seattle,West,80,74,10,8,2022,2022-08-10,False
WX05,Boston,East,78,75,10,7,2022,2022-07-10,False
WX03,Austin,South,11,24,26,12,2023,2023-12-26,False
WX03,Austin,South,38,56,21,3,2023,2023-03-21,False
WX08,Fargo,North,59,43,26,10,2023,2023-10-26,False
WX01,Denver,West,41,85,13,11,2022,2022-11-13,True
WX04,Miami,South,30,13,21,12,2022,2022-12-21,True
WX04,Miami,South,85,11,26,8,2023,2023-08-26,False
WX02,Seattle,West,83,60,12,6,2023,2023-06-12,False
WX07,Chicago,North,64,98,27,5,2022,2022-05-27,True
WX04,Miami,South,16,100,18,1,2023,2023-01-18,True
WX06,Newark,East,75,64,5,6,2022,2022-06-05,False
WX04,Miami,South,83,49,10,7,2023,2023-07-10,False
WX08,Fargo,North,21,34,22,1,2022,2022-01-22,False
WX06,Newark,East,84,100,27,8,2023,2023-08-27,False
WX03,Austin,South,62,26,10,11,2023,2023-11-10,False
WX08,Fargo,North,9,21,17,1,2022,2022-01-17,False
WX07,Chicago,North,54,56,6,4,2023,2023-04-06,False
WX05,Boston,East,13,45,27,2,2022,2022-02-27,True
WX01,Denver,West,69,55,20,9,2022,2022-09-20,False
WX05,Boston,East,70,92,3,9,2022,2022-09-03,True
WX06,Newark,East,27,34,15,1,2023,2023-01-15,True
WX03,Austin,South,34,89,1,11,2023,2023-11-01,True
WX02,Seattle,West,23,29,3,12,2022,2022-12-03,True
WX05,Boston,East,52,39,18,10,2022,2022-10-18,False
WX07,Chicago,North,26,10,9,3,2022,2022-03-09,False
WX03,Austin,South,50,71,10,10,2023,2023-10-10,False
WX04,Miami,South,82,88,18,8,2022,2022-08-18,False
WX01,Denver,West,25,90,4,12,2022,2022-12-04,False
WX06,Newark,East,42,25,9,3,2022,2022-03-09,True
WX07,Chicago,North,88,79,30,7,2022,2022-07-30,False
WX07,Chicago,North,23,22,8,2,2023,2023-02-08,False
WX04,Miami,South,41,67,20,10,2023,2023-10-20,False
WX01,Denver,West,90,73,29,8,2022,2022-08-29,False
WX04,Miami,South,19,23,14,2,2023,2023-02-14,True
WX08,Fargo,North,61,20,2,10,2023,2023-10-02,False
WX01,Denver,West,83,16,21,9,2022,2022-09-21,False
WX02,Seattle,West,84,74,4,8,2022,2022-08-04,False
WX07,Chicago,North,17,65,2,2,2022,2022-02-02,True
WX05,Boston,East,55,20,25,10,2023,2023-10-25,False
WX02,Seattle,West,40,55,22,3,2022,2022-03-22,False
WX01,Denver,West,83,82,7,6,2022,2022-06-07,False
WX04,Miami,South,50,31,12,4,2022,2022-04-12,False
WX05,Boston,East,90,65,1,6,2023,2023-06-01,True
WX07,Chicago,North,76,36,24,9,2022,2022-09-24,False
WX08,Fargo,North,70,33,30,5,2023,2023-05-30,True
WX04,Miami,South,24,45,20,3,2023,2023-03-20,True
WX04,Miami,South,24,42,12,1,2022,2022-01-12,True
WX08,Fargo,North,79,55,13,8,2022,2022-08-13,False
WX07,Chicago,North,22,28,3,1,2022,2022-01-03,False
WX02,Seattle,West,26,45,17,2,2022,2022-02-17,True
WX06,Newark,East,10,66,12,12,2022,2022-12-12,True
WX06,Newark,East,91,45,13,7,2022,2022-07-13,False
WX02,Seattle,West,42,69,7,3,2022,2022-03-07,False
WX08,Fargo,North,60,20,26,10,2022,2022-10-26,True
WX03,Austin,South,38,22,26,11,2022,2022-11-26,False
WX05,Boston,East,9,88,26,12,2023,2023-12-26,True
WX04,Miami,South,65,52,28,4,2023,2023-04-28,False
WX06,Newark,East,58,65,14,10,2022,2022-10-14,True
WX08,Fargo,North,15,77,12,12,2022,2022-12-12,False
WX04,Miami,South,31,23,7,3,2022,2022-03-07,False
WX04,Miami,South,57,98,10,10,2022,2022-10-10,False
WX07,Chicago,North,43,48,1,3,2023,2023-03-01,False
WX08,Fargo,North,16,90,16,1,2022,2022-01-16,False
WX08,Fargo,North,44,47,3,11,2023,2023-11-03,False
WX07,Chicago,North,6,46,12,1,2023,2023-01-12,False
WX06,Newark,East,82,64,29,7,2023,2023-07-29,False
WX07,Chicago,North,73,27,21,7,2022,2022-07-21,False
WX08,Fargo,North,65,65,3,9,2023,2023-09-03,True
WX01,Denver,West,85,99,25,9,2022,2022-09-25,True
WX05,Boston,East,54,68,9,11,2023,2023-11-09,True
WX01,Denver,West,22,16,17,1,2023,2023-01-17,False
WX05,Boston,East,50,73,10,4,2023,2023-04-10,True
WX04,Miami,South,71,13,29,5,2022,2022-05-29,True
WX03,Austin,South,28,19,28,12,2023,2023-12-28,False
WX08,Fargo,North,60,35,21,5,2022,2022-05-21,True
WX06,Newark,East,15,37,25,1,2022,2022-01-25,False
WX05,Boston,East,49,10,18,11,2022,2022-11-18,False
WX08,Fargo,North,64,11,2,9,2023,2023-09-02,True
WX01,Denver,West,32,81,4,11,2023,2023-11-04,False
WX06,Newark,East,73,51,18,9,2023,2023-09-18,True
WX02,Seattle,West,27,28,8,2,2023,2023-02-08,False
WX02,Seattle,West,32,49,1,11,2023,2023-11-01,False
WX02,Seattle,West,25,73,26,12,2022,2022-12-26,True
WX05,Boston,East,30,76,16,12,2022,2022-12-16,True
WX06,Newark,East,88,36,12,5,2022,2022-05-12,False
WX07,Chicago,North,89,25,30,7,2023,2023-07-30,False
WX04,Miami,South,85,97,19,8,2022,2022-08-19,True
WX08,Fargo,North,85,67,23,5,2022,2022-05-23,False
WX03,Austin,South,68,99,27,9,2022,2022-09-27,False
WX02,Seattle,West,27,37,17,3,2023,2023-03-17,False
WX01,Denver,West,92,20,17,7,2022,2022-07-17,True
WX02,Seattle,West,81,44,19,9,2022,2022-09-19,True
WX04,Miami,South,88,39,29,8,2022,2022-08-29,False
WX04,Miami,South,37,75,12,3,2023,2023-03-12,True
WX07,Chicago,North,74,75,6,6,2023,2023-06-06,True
WX02,Seattle,West,72,16,9,5,2023,2023-05-09,True
WX03,Austin,South,65,63,14,4,2022,2022-04-14,True
WX08,Fargo,North,63,41,11,9,2022,2022-09-11,False
WX01,Denver,West,53,65,19,4,2023,2023-04-19,True
WX04,Miami,South,82,45,7,6,2022,2022-06-07,False
WX02,Seattle,West,19,58,20,2,2022,2022-02-20,True
WX05,Boston,East,87,75,23,8,2022,2022-08-23,False
WX08,Fargo,North,76,36,11,5,2023,2023-05-11,False
WX02,Seattle,West,58,28,30,4,2023,2023-04-30,False
WX03,Austin,South,47,74,5,4,2022,2022-04-05,False
WX04,Miami,South,59,96,10,5,2023,2023-05-10,False
WX07,Chicago,North,75,50,22,5,2022,2022-05-22,True
WX08,Fargo,North,81,100,26,6,2023,2023-06-26,False
WX01,Denver,West,39,26,18,2,2023,2023-02-18,False
WX04,Miami,South,70,84,3,4,2022,2022-04-03,True
WX07,Chicago,North,88,99,13,9,2022,2022-09-13,False
WX01,Denver,West,78,37,21,8,2023,2023-08-21,True
WX07,Chicago,North,42,23,12,11,2022,2022-11-12,False
WX02,Seattle,West,79,70,18,5,2023,2023-05-18,False
WX05,Boston,East,96,89,1,7,2023,2023-07-01,False
WX08,Fargo,North,17,17,23,1,2022,2022-01-23,False
WX06,Newark,East,48,68,11,11,2023,2023-11-11,False
WX08,Fargo,North,73,89,2,9,2022,2022-09-02,False
WX05,Boston,East,86,12,3,8,2023,2023-08-03,False
WX02,Seattle,West,12,56,7,12,2022,2022-12-07,False
WX06,Newark,East,30,17,26,2,2023,2023-02-26,False
WX05,Boston,East,70,26,21,9,2022,2022-09-21,False
WX03,Austin,South,76,54,15,9,2023,2023-09-15,False
WX01,Denver,West,39,39,27,3,2022,2022-03-27,True
WX06,Newark,East,56,17,17,10,2023,2023-10-17,False
WX05,Boston,East,85,82,1,6,2022,2022-06-01,False
WX07,Chicago,North,61,28,7,10,2023,2023-10-07,False
WX02,Seattle,West,18,89,18,1,2022,2022-01-18,False
WX05,Boston,East,8,26,11,1,2022,2022-01-11,False
WX07,Chicago,North,42,57,9,3,2022,2022-03-09,False
WX08,Fargo,North,18,76,4,2,2023,2023-02-04,False
WX08,Fargo,North,79,53,14,7,2022,2022-07-14,True
WX02,Seattle,West,29,47,13,3,2023,2023-03-13,False
WX02,Seattle,West,88,78,22,8,2023,2023-08-22,False
WX05,Boston,East,19,11,20,1,2022,2022-01-20,False
WX04,Miami,South,3,85,20,1,2023,2023-01-20,False
WX02,Seattle,West,82,72,24,6,2023,2023-06-24,True
WX01,Denver,West,47,79,6,11,2022,2022-11-06,False
WX02,Seattle,West,34,48,7,11,2023,2023-11-07,False
WX03,Austin,South,54,44,29,4,2023,2023-04-29,False
WX06,Newark,East,28,62,26,1,2022,2022-01-26,False
WX01,Denver,West,26,68,31,1,2023,2023-01-31,False
WX01,Denver,West,63,94,8,10,2022,2022-10-08,False
WX03,Austin,South,33,88,7,4,2022,2022-04-07,True
WX07,Chicago,North,51,14,25,11,2023,2023-11-25,True
WX08,Fargo,North,90,23,12,6,2022,2022-06-12,False
WX04,Miami,South,57,96,2,3,2022,2022-03-02,True
WX01,Denver,West,79,45,12,6,2022,2022-06-12,True
WX01,Denver,West,71,62,24,8,2023,2023-08-24,True
WX07,Chicago,North,38,15,14,3,2023,2023-03-14,False
WX04,Miami,South,83,19,22,8,2023,2023-08-22,False
WX01,Denver,West,30,47,3,12,2022,2022-12-03,True
WX07,Chicago,North,46,75,27,3,2022,2022-03-27,True
WX05,Boston,East,54,80,10,10,2022,2022-10-10,False
WX03,Austin,South,71,91,26,5,2022,2022-05-26,False
WX04,Miami,South,29,27,11,2,2023,2023-02-11,True
WX02,Seattle,West,88,28,16,7,2022,2022-07-16,False
WX08,Fargo,North,22,59,10,12,2023,2023-12-10,True
WX07,Chicago,North,63,59,3,10,2022,2022-10-03,False
WX02,Seattle,West,95,13,18,8,2022,2022-08-18,True
WX06,Newark,East,33,50,20,12,2023,2023-12-20,False
WX02,Seattle,West,19,91,15,1,2023,2023-01-15,True
WX04,Miami,South,55,24,5,5,2022,2022-05-05,False
WX06,Newark,East,24,84,17,12,2022,2022-12-17,True
WX01,Denver,West,84,50,5,7,2022,2022-07-05,False
WX06,Newark,East,84,57,8,6,2023,2023-06-08,False
WX02,Seattle,West,19,68,23,2,2023,2023-02-23,True
WX06,Newark,East,85,74,18,6,2023,2023-06-18,False
WX04,Miami,South,29,68,18,11,2023,2023-11-18,False
WX01,Denver,West,75,19,17,6,2023,2023-06-17,True
WX07,Chicago,North,82,36,6,9,2022,2022-09-06,True
WX03,Austin,South,65,86,28,5,2022,2022-05-28,False
WX08,Fargo,North,20,13,22,1,2023,2023-01-22,True
WX07,Chicago,North,45,75,24,11,2022,2022-11-24,False
WX02,Seattle,West,93,57,17,8,2022,2022-08-17,False
WX05,Boston,East,92,20,16,8,2023,2023-08-16,False
WX03,Austin,South,57,21,26,10,2023,2023-10-26,False
WX05,Boston,East,61,99,6,10,2022,2022-10-06,False
WX05,Boston,East,83,12,13,5,2023,2023-05-13,False
WX03,Austin,South,28,12,20,12,2023,2023-12-20,False
WX06,Newark,East,5,11,9,1,2022,2022-01-09,False
WX03,Austin,South,68,67,24,9,2022,2022-09-24,True
WX08,Fargo,North,91,94,23,6,2023,2023-06-23,False
WX08,Fargo,North,20,25,30,12,2022,2022-12-30,False
WX02,Seattle,West,98,82,2,8,2023,2023-08-02,False
WX06,Newark,East,24,75,13,12,2022,2022-12-13,False
WX08,Fargo,North,25,30,17,2,2022,2022-02-17,False
WX02,Seattle,West,46,16,13,11,2022,2022-11-13,False
WX06,Newark,East,54,54,23,10,2022,2022-10-23,False
WX08,Fargo,North,74,17,10,9,2023,2023-09-10,True
WX02,Seattle,West,62,20,18,4,2022,2022-04-18,False
WX05,Boston,East,43,52,24,4,2022,2022-04-24,True
WX07,Chicago,North,53,84,14,4,2022,2022-04-14,False
WX03,Austin,South,31,100,19,2,2023,2023-02-19,False
WX02,Seattle,West,25,67,28,12,2023,2023-12-28,False
WX04,Miami,South,49,35,28,3,2023,2023-03-28,False
WX03,Austin,South,73,39,19,8,2023,2023-08-19,False
WX06,Newark,East,59,65,14,9,2023,2023-09-14,False
WX03,Austin,South,44,25,15,3,2023,2023-03-15,False
WX04,Miami,South,44,57,21,3,2023,2023-03-21,False
WX08,Fargo,North,84,79,27,6,2022,2022-06-27,False
WX05,Boston,East,28,86,2,12,2023,2023-12-02,True
WX08,Fargo,North,96,15,30,7,2023,2023-07-30,True
WX06,Newark,East,66,36,29,9,2023,2023-09-29,True
WX08,Fargo,North,19,33,20,12,2023,2023-12-20,False
WX02,Seattle,West,74,60,12,9,2022,2022-09-12,True
WX08,Fargo,North,62,26,15,4,2022,2022-04-15,False
WX08,Fargo,North,63,96,20,9,2023,2023-09-20,False
WX01,Denver,West,23,93,12,12,2022,2022-12-12,False
WX03,Austin,South,23,40,1,12,2023,2023-12-01,False
WX04,Miami,South,76,47,22,5,2023,2023-05-22,False
WX04,Miami,South,90,49,7,7,2022,2022-07-07,False
WX07,Chicago,North,68,13,17,9,2022,2022-09-17,False
WX06,Newark,East,47,90,22,3,2023,2023-03-22,True
WX02,Seattle,West,51,80,15,10,2022,2022-10-15,False
WX05,Boston,East,88,40,25,7,2022,2022-07-25,True
WX08,Fargo,North,73,59,3,6,2022,2022-06-03,True
WX04,Miami,South,49,44,20,4,2023,2023-04-20,False
WX08,Fargo,North,24,30,26,1,2022,2022-01-26,False
WX06,Newark,East,40,37,10,3,2022,2022-03-10,False
WX08,Fargo,North,29,19,1,2,2022,2022-02-01,True
WX08,Fargo,North,90,83,20,6,2023,2023-06-20,False
WX01,Denver,West,37,69,22,1,2022,2022-01-22,True
WX07,Chicago,North,32,94,3,11,2022,2022-11-03,True
WX02,Seattle,West,25,10,30,3,2022,2022-03-30,False
WX07,Chicago,North,29,67,5,3,2023,2023-03-05,False
WX07,Chicago,North,14,60,26,1,2022,2022-01-26,False
WX03,Austin,South,12,66,19,1,2022,2022-01-19,True
WX01,Denver,West,56,100,28,10,2022,2022-10-28,True
WX04,Miami,South,83,45,23,5,2023,2023-05-23,True
WX03,Austin,South,50,22,22,3,2022,2022-03-22,False
WX05,Boston,East,29,11,29,12,2022,2022-12-29,False
WX01,Denver,West,102,54,15,8,2023,2023-08-15,False
WX01,Denver,West,52,25,2,4,2023,2023-04-02,False
WX04,Miami,South,77,22,2,7,2023,2023-07-02,False
WX07,Chicago,North,94,23,19,8,2022,2022-08-19,True
WX03,Austin,South,23,35,19,11,2023,2023-11-19,True
WX03,Austin,South,49,20,17,4,2022,2022-04-17,False
WX02,Seattle,West,42,54,18,3,2023,2023-03-18,True
WX03,Austin,South,37,69,14,11,2022,2022-11-14,False
WX03,Austin,South,18,36,24,1,2022,2022-01-24,False
WX03,Austin,South,28,22,21,11,2023,2023-11-21,False
WX03,Austin,South,72,62,28,5,2023,2023-05-28,False
WX03,Austin,South,93,17,16,6,2022,2022-06-16,False
WX06,Newark,East,25,77,8,2,2022,2022-02-08,True
WX03,Austin,South,66,44,9,5,2023,2023-05-09,False
WX07,Chicago,North,15,47,2,2,2023,2023-02-02,False
WX05,Boston,East,18,32,6,2,2022,2022-02-06,True
WX06,Newark,East,28,35,21,12,2023,2023-12-21,True
WX05,Boston,East,88,23,9,6,2023,2023-06-09,True
WX08,Fargo,North,18,60,4,12,2022,2022-12-04,True
WX03,Austin,South,68,23,24,6,2022,2022-06-24,True
WX08,Fargo,North,93,71,17,7,2022,2022-07-17,True
WX02,Seattle,West,30,33,26,11,2022,2022-11-26,False
WX02,Seattle,West,30,61,11,2,2022,2022-02-11,False
WX07,Chicago,North,66,58,26,9,2022,2022-09-26,False
WX08,Fargo,North,77,67,8,6,2022,2022-06-08,False
WX01,Denver,West,39,78,24,3,2022,2022-03-24,False
WX05,Boston,East,74,61,2,4,2022,2022-04-02,False
WX05,Boston,East,78,87,10,9,2022,2022-09-10,False
WX02,Seattle,West,56,33,7,10,2022,2022-10-07,False
WX05,Boston,East,75,78,13,9,2022,2022-09-13,False
WX06,Newark,East,58,41,19,5,2023,2023-05-19,False
WX05,Boston,East,11,67,17,1,2023,2023-01-17,False
WX05,Boston,East,52,54,21,5,2022,2022-05-21,True
WX08,Fargo,North,39,92,11,12,2023,2023-12-11,True
WX02,Seattle,West,98,34,17,6,2023,2023-06-17,False
WX05,Boston,East,28,57,10,12,2022,2022-12-10,True
WX03,Austin,South,26,24,5,2,2022,2022-02-05,True
WX08,Fargo,North,43,67,30,10,2023,2023-10-30,True
WX03,Austin,South,84,13,28,6,2023,2023-06-28,False
WX07,Chicago,North,39,47,3,12,2022,2022-12-03,False
WX06,Newark,East,56,10,29,4,2022,2022-04-29,False
WX02,Seattle,West,33,39,20,3,2022,2022-03-20,True
WX07,Chicago,North,76,54,31,7,2022,2022-07-31,False
WX02,Seattle,West,96,40,18,6,2022,2022-06-18,False
WX03,Austin,South,85,45,2,6,2022,2022-06-02,False
WX03,Austin,South,41,23,25,10,2022,2022-10-25,False
WX06,Newark,East,17,75,4,2,2022,2022-02-04,True
WX04,Miami,South,75,82,26,8,2022,2022-08-26,False
WX05,Boston,East,71,51,28,9,2023,2023-09-28,True
WX05,Boston,East,74,15,25,9,2023,2023-09-25,False
WX02,Seattle,West,16,15,7,1,2022,2022-01-07,False
WX02,Seattle,West,79,71,11,5,2023,2023-05-11,False
WX03,Austin,South,25,94,25,12,2023,2023-12-25,True
WX02,Seattle,West,33,88,27,2,2023,2023-02-27,False
WX08,Fargo,North,52,46,12,10,2022,2022-10-12,False
WX04,Miami,South,49,55,25,12,2022,2022-12-25,False
WX04,Miami,South,81,24,5,6,2022,2022-06-05,True
WX06,Newark,East,48,16,18,10,2022,2022-10-18,False
WX07,Chicago,North,29,79,15,11,2023,2023-11-15,True
WX06,Newark,East,36,48,23,3,2023,2023-03-23,True
WX05,Boston,East,24,55,11,11,2022,2022-11-11,False
WX08,Fargo,North,57,41,1,4,2022,2022-04-01,False
WX08,Fargo,North,40,38,24,10,2023,2023-10-24,True
WX02,Seattle,West,56,99,29,4,2022,2022-04-29,False
WX02,Seattle,West,75,84,11,6,2023,2023-06-11,False
WX04,Miami,South,82,72,10,8,2022,2022-08-10,False
WX07,Chicago,North,95,45,23,7,2022,2022-07-23,False
WX08,Fargo,North,91,75,5,5,2022,2022-05-05,False
WX06,Newark,East,46,40,1,10,2022,2022-10-01,False
WX06,Newark,East,71,56,10,5,2023,2023-05-10,True
WX02,Seattle,West,32,23,1,11,2022,2022-11-01,True
WX05,Boston,East,13,74,19,1,2022,2022-01-19,False
WX02,Seattle,West,84,15,12,7,2022,2022-07-12,True
WX05,Boston,East,62,75,27,4,2022,2022-04-27,False
WX02,Seattle,West,51,64,21,10,2022,2022-10-21,False
WX01,Denver,West,73,16,21,10,2023,2023-10-21,True
WX08,Fargo,North,28,56,4,12,2023,2023-12-04,True
WX08,Fargo,North,17,30,30,12,2023,2023-12-30,False
WX06,Newark,East,35,53,24,3,2022,2022-03-24,False
WX06,Newark,East,18,11,22,12,2022,2022-12-22,False
WX02,Seattle,West,31,75,3,2,2022,2022-02-03,True
WX05,Boston,East,12,56,28,12,2022,2022-12-28,False
WX06,Newark,East,14,42,25,2,2023,2023-02-25,True
WX05,Boston,East,85,89,19,7,2023,2023-07-19,False
WX03,Austin,South,78,68,3,9,2022,2022-09-03,True
WX04,Miami,South,30,65,27,1,2022,2022-01-27,True
WX07,Chicago,North,49,23,28,11,2022,2022-11-28,False
WX03,Austin,South,42,55,8,11,2022,2022-11-08,True
WX08,Fargo,North,54,73,1,4,2023,2023-04-01,False
WX07,Chicago,North,44,94,14,3,2022,2022-03-14,True
WX08,Fargo,North,28,64,24,3,2023,2023-03-24,True
WX05,Boston,East,40,25,20,10,2022,2022-10-20,True
WX02,Seattle,West,89,71,24,6,2023,2023-06-24,False
WX01,Denver,West,17,16,20,12,2023,2023-12-20,False
WX05,Boston,East,85,38,16,6,2022,2022-06-16,True
WX04,Miami,South,91,93,5,7,2023,2023-07-05,False
WX01,Denver,West,57,82,4,4,2022,2022-04-04,False
WX08,Fargo,North,32,92,21,12,2023,2023-12-21,False
WX08,Fargo,North,31,42,18,12,2022,2022-12-18,False
WX03,Austin,South,87,72,29,6,2023,2023-06-29,False
WX06,Newark,East,86,73,22,7,2023,2023-07-22,False
WX04,Miami,South,38,32,20,3,2023,2023-03-20,False
WX04,Miami,South,50,95,8,10,2022,2022-10-08,False
WX05,Boston,East,88,98,5,7,2023,2023-07-05,False
WX04,Miami,South,46,20,14,12,2022,2022-12-14,True
WX07,Chicago,North,56,79,27,4,2023,2023-04-27,False
WX02,Seattle,West,41,50,24,3,2023,2023-03-24,False
WX06,Newark,East,19,71,5,12,2022,2022-12-05,False
WX08,Fargo,North,46,60,27,3,2022,2022-03-27,False
WX07,Chicago,North,91,30,2,8,2022,2022-08-02,False
WX01,Denver,West,44,18,16,11,2023,2023-11-16,False
WX01,Denver,West,22,56,15,1,2023,2023-01-15,False
WX06,Newark,East,63,86,10,4,2023,2023-04-10,False
WX08,Fargo,North,100,84,8,7,2022,2022-07-08,False
WX07,Chicago,North,75,35,31,5,2023,2023-05-31,False
WX08,Fargo,North,24,88,22,12,2022,2022-12-22,True
WX02,Seattle,West,92,42,9,6,2022,2022-06-09,False
WX05,Boston,East,48,61,17,4,2022,2022-04-17,True
WX06,Newark,East,49,39,16,10,2022,2022-10-16,False
WX05,Boston,East,24,57,17,2,2023,2023-02-17,False
WX07,Chicago,North,76,58,24,7,2022,2022-07-24,False
WX02,Seattle,West,92,73,29,6,2022,2022-06-29,True
WX04,Miami,South,82,52,16,7,2022,2022-07-16,False
WX04,Miami,South,82,58,3,8,2022,2022-08-03,True
WX08,Fargo,North,84,69,24,6,2023,2023-06-24,False
WX02,Seattle,West,25,48,31,12,2022,2022-12-31,True
WX03,Austin,South,22,57,9,12,2022,2022-12-09,False
WX01,Denver,West,54,17,29,4,2022,2022-04-29,False
WX02,Seattle,West,24,89,2,2,2023,2023-02-02,False
WX08,Fargo,North,21,21,4,12,2023,2023-12-04,False
WX07,Chicago,North,79,89,29,6,2023,2023-06-29,True
WX03,Austin,South,46,79,23,11,2022,2022-11-23,False
WX06,Newark,East,68,96,13,8,2022,2022-08-13,True
WX05,Boston,East,71,12,15,9,2022,2022-09-15,False
WX08,Fargo,North,16,29,20,1,2022,2022-01-20,False
WX03,Austin,South,23,14,22,1,2022,2022-01-22,False
WX08,Fargo,North,78,48,21,7,2023,2023-07-21,True
WX03,Austin,South,69,92,8,9,2023,2023-09-08,False
WX06,Newark,East,24,79,9,12,2023,2023-12-09,False
WX04,Miami,South,64,74,2,4,2023,2023-04-02,True
WX06,Newark,East,40,87,10,11,2023,2023-11-10,False
WX03,Austin,South,46,10,31,10,2022,2022-10-31,True
WX07,Chicago,North,86,81,5,7,2022,2022-07-05,True
WX06,Newark,East,92,38,29,6,2022,2022-06-29,False
WX03,Austin,South,76,72,22,6,2022,2022-06-22,True
WX08,Fargo,North,85,79,28,6,2023,2023-06-28,True
WX06,Newark,East,20,72,8,1,2022,2022-01-08,False
WX04,Miami,South,34,48,22,11,2023,2023-11-22,False
WX02,Seattle,West,110,65,20,7,2023,2023-07-20,True
WX08,Fargo,North,52,52,5,10,2022,2022-10-05,True
WX07,Chicago,North,76,67,28,5,2023,2023-05-28,False
WX06,Newark,East,49,51,9,4,2022,2022-04-09,False
WX07,Chicago,North,42,45,11,11,2022,2022-11-11,False
WX05,Boston,East,44,28,21,3,2022,2022-03-21,False
WX02,Seattle,West,33,45,23,3,2022,2022-03-23,False
WX02,Seattle,West,20,75,5,1,2022,2022-01-05,False
WX01,Denver,West,78,89,4,8,2023,2023-08-04,False
WX01,Denver,West,76,19,28,6,2023,2023-06-28,True
WX06,Newark,East,63,26,14,10,2023,2023-10-14,True
WX07,Chicago,North,20,56,18,12,2023,2023-12-18,True
WX02,Seattle,West,5,73,6,12,2023,2023-12-06,False
WX05,Boston,East,39,25,26,12,2023,2023-12-26,False
WX01,Denver,West,14,39,12,1,2022,2022-01-12,False
WX04,Miami,South,88,14,27,7,2023,2023-07-27,True
WX07,Chicago,North,98,14,12,6,2023,2023-06-12,False
WX07,Chicago,North,54,23,29,4,2022,2022-04-29,False
WX08,Fargo,North,54,76,10,4,2022,2022-04-10,True
WX03,Austin,South,15,89,15,12,2023,2023-12-15,False
WX08,Fargo,North,42,55,7,10,2023,2023-10-07,False
WX07,Chicago,North,84,26,28,8,2022,2022-08-28,False
WX03,Austin,South,28,93,24,2,2022,2022-02-24,False
WX03,Austin,South,75,35,1,9,2022,2022-09-01,False
WX01,Denver,West,16,24,4,1,2022,2022-01-04,True
WX08,Fargo,North,73,22,17,5,2023,2023-05-17,False
WX02,Seattle,West,40,42,5,10,2022,2022-10-05,True
WX03,Austin,South,28,76,5,2,2022,2022-02-05,False
WX04,Miami,South,26,46,17,12,2023,2023-12-17,False
WX02,Seattle,West,101,50,26,8,2023,2023-08-26,False
WX07,Chicago,North,55,40,23,10,2023,2023-10-23,False
WX06,Newark,East,17,95,30,12,2023,2023-12-30,True
WX02,Seattle,West,20,72,11,1,2022,2022-01-11,True
WX02,Seattle,West,87,70,20,7,2023,2023-07-20,False
WX01,Denver,West,93,49,29,7,2023,2023-07-29,True
WX08,Fargo,North,90,58,25,7,2023,2023-07-25,False
WX04,Miami,South,80,90,13,7,2022,2022-07-13,True
WX06,Newark,East,42,69,12,10,2022,2022-10-12,False
WX02,Seattle,West,40,84,10,11,2023,2023-11-10,False
WX02,Seattle,West,36,13,18,2,2022,2022-02-18,False
WX05,Boston,East,56,88,13,4,2023,2023-04-13,False
WX02,Seattle,West,92,96,2,8,2023,2023-08-02,False
WX05,Boston,East,93,70,6,8,2023,2023-08-06,True
WX08,Fargo,North,40,97,12,3,2023,2023-03-12,False
WX03,Austin,South,83,61,14,7,2023,2023-07-14,False
WX05,Boston,East,57,35,26,10,2023,2023-10-26,True
WX08,Fargo,North,100,65,14,7,2023,2023-07-14,False
WX08,Fargo,North,42,67,26,3,2022,2022-03-26,False
WX01,Denver,West,91,23,28,6,2022,2022-06-28,False
WX01,Denver,West,82,28,11,8,2022,2022-08-11,False
WX08,Fargo,North,71,36,8,9,2022,2022-09-08,False
WX08,Fargo,North,72,59,21,9,2022,2022-09-21,True
WX03,Austin,South,85,23,10,6,2022,2022-06-10,True
WX05,Boston,East,82,80,14,5,2023,2023-05-14,True
WX05,Boston,East,19,19,22,3,2022,2022-03-22,False
WX06,Newark,East,90,95,30,7,2023,2023-07-30,True
WX07,Chicago,North,54,71,26,4,2023,2023-04-26,False
WX03,Austin,South,14,40,3,12,2023,2023-12-03,False
WX08,Fargo,North,25,43,5,1,2022,2022-01-05,False
WX01,Denver,West,80,73,4,8,2022,2022-08-04,True
WX01,Denver,West,52,18,18,10,2023,2023-10-18,True
WX08,Fargo,North,39,75,27,12,2022,2022-12-27,False
WX02,Seattle,West,33,60,14,2,2023,2023-02-14,False
WX08,Fargo,North,25,30,22,1,2022,2022-01-22,False
WX03,Austin,South,93,91,11,7,2023,2023-07-11,False
WX03,Austin,South,89,67,4,7,2022,2022-07-04,False
WX01,Denver,West,41,24,5,12,2023,2023-12-05,True
WX08,Fargo,North,61,69,1,10,2022,2022-10-01,False
WX03,Austin,South,67,47,18,5,2022,2022-05-18,True
WX02,Seattle,West,26,79,10,3,2023,2023-03-10,False
WX04,Miami,South,29,54,15,12,2022,2022-12-15,True
WX02,Seattle,West,24,100,10,12,2022,2022-12-10,True
WX07,Chicago,North,26,94,25,11,2023,2023-11-25,True
WX01,Denver,West,76,13,24,9,2022,2022-09-24,False
WX04,Miami,South,53,47,18,10,2022,2022-10-18,False
WX04,Miami,South,59,28,1,4,2023,2023-04-01,True
WX01,Denver,West,76,50,5,5,2022,2022-05-05,False
WX01,Denver,West,80,23,28,8,2023,2023-08-28,True
WX05,Boston,East,90,58,17,6,2022,2022-06-17,True
WX04,Miami,South,81,24,26,6,2022,2022-06-26,False
WX02,Seattle,West,17,66,8,1,2022,2022-01-08,True
WX02,Seattle,West,68,51,8,9,2022,2022-09-08,False
WX07,Chicago,North,47,100,2,3,2023,2023-03-02,False
WX06,Newark,East,70,89,30,5,2023,2023-05-30,True
WX05,Boston,East,66,64,18,10,2023,2023-10-18,False
WX07,Chicago,North,104,50,22,7,2023,2023-07-22,False
WX01,Denver,West,79,75,23,8,2022,2022-08-23,False
WX06,Newark,East,62,70,26,8,2023,2023-08-26,False
WX07,Chicago,North,81,22,23,5,2022,2022-05-23,True
WX02,Seattle,West,83,44,2,6,2022,2022-06-02,True
WX05,Boston,East,66,100,19,9,2022,2022-09-19,False
WX07,Chicago,North,15,39,29,1,2023,2023-01-29,False
WX05,Boston,East,69,11,29,5,2022,2022-05-29,False
WX02,Seattle,West,65,85,20,10,2023,2023-10-20,False
WX06,Newark,East,91,94,17,7,2022,2022-07-17,False
WX07,Chicago,North,65,69,14,10,2022,2022-10-14,True
WX01,Denver,West,41,67,18,3,2023,2023-03-18,False
WX05,Boston,East,35,41,10,11,2022,2022-11-10,False
WX05,Boston,East,52,42,22,10,2022,2022-10-22,False
WX03,Austin,South,29,93,20,12,2023,2023-12-20,True
WX01,Denver,West,44,88,15,11,2022,2022-11-15,False
WX01,Denver,West,45,55,24,3,2022,2022-03-24,False
WX07,Chicago,North,83,38,18,6,2023,2023-06-18,False
WX07,Chicago,North,74,27,31,5,2023,2023-05-31,False
WX04,Miami,South,90,10,9,6,2022,2022-06-09,False
WX08,Fargo,North,69,53,13,9,2023,2023-09-13,False
WX08,Fargo,North,46,60,14,10,2022,2022-10-14,False
WX06,Newark,East,49,71,21,4,2022,2022-04-21,True
WX05,Boston,East,71,83,6,5,2022,2022-05-06,False
WX08,Fargo,North,91,43,6,6,2023,2023-06-06,True
WX05,Boston,East,95,25,7,6,2022,2022-06-07,False
WX08,Fargo,North,14,86,9,12,2022,2022-12-09,False
WX08,Fargo,North,81,79,20,6,2023,2023-06-20,False
WX02,Seattle,West,70,58,15,9,2023,2023-09-15,False
WX06,Newark,East,31,13,24,12,2022,2022-12-24,False
WX06,Newark,East,51,52,25,10,2023,2023-10-25,False
WX07,Chicago,North,82,66,9,8,2022,2022-08-09,False
WX03,Austin,South,61,88,29,9,2023,2023-09-29,False
WX07,Chicago,North,94,56,2,7,2022,2022-07-02,True
WX04,Miami,South,23,52,17,2,2022,2022-02-17,False
WX04,Miami,South,80,44,14,6,2023,2023-06-14,False
WX02,Seattle,West,88,47,7,7,2023,2023-07-07,True
WX03,Austin,South,47,11,8,11,2023,2023-11-08,False
WX08,Fargo,North,29,19,4,11,2023,2023-11-04,False
WX06,Newark,East,31,78,16,3,2022,2022-03-16,False
WX06,Newark,East,48,42,30,3,2023,2023-03-30,False
WX08,Fargo,North,73,87,30,5,2023,2023-05-30,False
WX03,Austin,South,43,46,15,3,2023,2023-03-15,False
WX06,Newark,East,23,100,14,1,2022,2022-01-14,False
WX03,Austin,South,24,26,2,2,2022,2022-02-02,True
WX07,Chicago,North,70,27,5,5,2023,2023-05-05,False
WX04,Miami,South,79,63,17,9,2023,2023-09-17,True
WX07,Chicago,North,82,83,11,5,2022,2022-05-11,True
WX06,Newark,East,33,23,3,2,2022,2022-02-03,False
WX07,Chicago,North,46,55,22,10,2022,2022-10-22,True
WX08,Fargo,North,96,30,17,8,2022,2022-08-17,False
WX07,Chicago,North,22,77,19,12,2023,2023-12-19,False
WX03,Austin,South,31,61,7,11,2023,2023-11-07,True
WX05,Boston,East,23,69,12,2,2023,2023-02-12,False
WX04,Miami,South,44,34,25,11,2023,2023-11-25,False
WX01,Denver,West,90,36,17,6,2022,2022-06-17,False
WX05,Boston,East,23,68,26,12,2023,2023-12-26,False
WX04,Miami,South,44,42,23,11,2022,2022-11-23,False
WX04,Miami,South,26,72,14,12,2022,2022-12-14,True
WX01,Denver,West,20,24,6,2,2022,2022-02-06,True
WX05,Boston,East,67,37,10,5,2022,2022-05-10,False
WX05,Boston,East,76,19,22,5,2022,2022-05-22,True
WX01,Denver,West,24,17,23,12,2022,2022-12-23,False
WX06,Newark,East,61,33,19,5,2022,2022-05-19,False
WX02,Seattle,West,44,54,16,3,2022,2022-03-16,False
WX02,Seattle,West,34,23,18,3,2023,2023-03-18,False
WX04,Miami,South,85,18,29,9,2023,2023-09-29,False
WX04,Miami,South,13,89,21,2,2022,2022-02-21,True
WX08,Fargo,North,23,56,14,2,2023,2023-02-14,False
WX01,Denver,West,19,75,3,12,2023,2023-12-03,False
WX03,Austin,South,47,76,23,10,2022,2022-10-23,False
WX06,Newark,East,69,19,14,5,2022,2022-05-14,False
WX02,Seattle,West,39,66,28,2,2022,2022-02-28,False
WX08,Fargo,North,39,88,15,11,2023,2023-11-15,True
WX06,Newark,East,49,50,23,10,2022,2022-10-23,False
WX08,Fargo,North,23,88,18,3,2022,2022-03-18,False
WX08,Fargo,North,59,96,25,9,2023,2023-09-25,True
WX01,Denver,West,81,59,9,8,2023,2023-08-09,False
WX04,Miami,South,67,19,29,5,2023,2023-05-29,True
WX06,Newark,East,36,66,3,3,2022,2022-03-03,True
WX01,Denver,West,19,90,2,3,2022,2022-03-02,True
WX04,Miami,South,85,62,9,6,2022,2022-06-09,False
WX06,Newark,East,63,82,27,4,2022,2022-04-27,True
WX07,Chicago,North,33,58,24,1,2023,2023-01-24,True
WX04,Miami,South,40,48,14,10,2022,2022-10-14,False
WX07,Chicago,North,84,96,13,7,2023,2023-07-13,False
WX06,Newark,East,31,23,16,3,2022,2022-03-16,True
WX01,Denver,West,86,50,16,6,2023,2023-06-16,True
WX03,Austin,South,28,24,13,11,2023,2023-11-13,False
WX08,Fargo,North,68,69,6,4,2022,2022-04-06,False
WX01,Denver,West,55,93,22,4,2023,2023-04-22,False
WX01,Denver,West,19,100,7,1,2023,2023-01-07,True
WX03,Austin,South,50,31,11,3,2022,2022-03-11,False
WX08,Fargo,North,85,76,2,8,2022,2022-08-02,False
WX06,Newark,East,93,89,30,7,2023,2023-07-30,True
WX02,Seattle,West,66,85,27,9,2023,2023-09-27,True
WX04,Miami,South,62,55,26,9,2022,2022-09-26,False
WX08,Fargo,North,33,25,19,3,2022,2022-03-19,False
WX02,Seattle,West,103,52,28,6,2022,2022-06-28,True
WX05,Boston,East,78,80,8,9,2023,2023-09-08,False
WX04,Miami,South,27,66,21,2,2023,2023-02-21,False
WX07,Chicago,North,30,45,11,11,2022,2022-11-11,False
WX07,Chicago,North,27,29,10,1,2022,2022-01-10,True
WX07,Chicago,North,79,69,26,7,2023,2023-07-26,False
WX01,Denver,West,12,48,6,12,2022,2022-12-06,False
WX04,Miami,South,20,52,3,2,2023,2023-02-03,False
WX06,Newark,East,88,95,8,9,2023,2023-09-08,False
WX04,Miami,South,40,10,15,2,2023,2023-02-15,False
WX06,Newark,East,34,31,9,11,2023,2023-11-09,False
WX06,Newark,East,19,93,13,2,2023,2023-02-13,False
WX03,Austin,South,59,93,8,9,2022,2022-09-08,False
WX01,Denver,West,38,37,5,11,2023,2023-11-05,False
WX08,Fargo,North,56,100,14,4,2023,2023-04-14,False
WX07,Chicago,North,96,29,10,7,2023,2023-07-10,False
WX08,Fargo,North,93,14,15,6,2022,2022-06-15,False
WX03,Austin,South,71,37,5,5,2023,2023-05-05,True
WX03,Austin,South,29,58,13,2,2023,2023-02-13,True
WX03,Austin,South,32,10,18,3,2022,2022-03-18,False
WX01,Denver,West,94,25,5,7,2022,2022-07-05,False
WX02,Seattle,West,51,81,28,10,2023,2023-10-28,False
WX03,Austin,South,28,66,22,2,2023,2023-02-22,False
WX08,Fargo,North,93,65,20,7,2023,2023-07-20,False
WX02,Seattle,West,73,100,6,5,2022,2022-05-06,True
WX05,Boston,East,92,30,9,6,2022,2022-06-09,True
WX05,Boston,East,25,91,19,11,2023,2023-11-19,True
WX03,Austin,South,29,42,3,11,2022,2022-11-03,True
WX08,Fargo,North,53,94,10,10,2023,2023-10-10,False
WX01,Denver,West,74,81,14,8,2023,2023-08-14,False
WX07,Chicago,North,69,29,3,9,2022,2022-09-03,True
WX06,Newark,East,35,29,25,11,2023,2023-11-25,False
WX03,Austin,South,100,59,21,7,2023,2023-07-21,False
WX07,Chicago,North,56,55,4,4,2022,2022-04-04,False
WX04,Miami,South,46,31,11,3,2022,2022-03-11,False
WX08,Fargo,North,57,33,3,4,2022,2022-04-03,True
WX01,Denver,West,81,91,25,6,2023,2023-06-25,False
WX01,Denver,West,56,78,15,4,2022,2022-04-15,True
WX05,Boston,East,96,27,26,7,2022,2022-07-26,True
WX08,Fargo,North,47,75,14,11,2022,2022-11-14,True
WX01,Denver,West,54,24,10,4,2022,2022-04-10,False
WX07,Chicago,North,72,50,30,8,2022,2022-08-30,True
WX08,Fargo,North,59,11,11,5,2023,2023-05-11,False
WX04,Miami,South,22,69,11,12,2023,2023-12-11,True
WX07,Chicago,North,6,26,9,12,2022,2022-12-09,True
WX07,Chicago,North,100,31,30,6,2023,2023-06-30,False
WX02,Seattle,West,25,27,23,1,2023,2023-01-23,False
WX07,Chicago,North,20,26,7,12,2022,2022-12-07,True
WX06,Newark,East,11,17,15,1,2023,2023-01-15,False
WX01,Denver,West,33,60,1,12,2023,2023-12-01,True
WX05,Boston,East,16,88,13,2,2022,2022-02-13,False
WX06,Newark,East,12,37,10,1,2023,2023-01-10,True
WX07,Chicago,North,19,80,7,2,2022,2022-02-07,False
WX07,Chicago,North,56,59,1,10,2023,2023-10-01,False
WX04,Miami,South,42,33,15,3,2023,2023-03-15,True
WX03,Austin,South,34,15,4,2,2022,2022-02-04,True
WX02,Seattle,West,63,81,1,4,2023,2023-04-01,False
WX01,Denver,West,38,12,15,11,2022,2022-11-15,False
WX06,Newark,East,33,48,4,2,2022,2022-02-04,False
WX08,Fargo,North,19,13,16,12,2023,2023-12-16,False
WX01,Denver,West,40,80,4,10,2022,2022-10-04,True
WX06,Newark,East,15,100,18,1,2022,2022-01-18,False
WX05,Boston,East,31,39,24,3,2023,2023-03-24,True
WX02,Seattle,West,50,38,1,10,2022,2022-10-01,False
WX02,Seattle,West,47,61,25,4,2023,2023-04-25,True
WX03,Austin,South,51,55,29,4,2022,2022-04-29,False
WX06,Newark,East,90,44,28,8,2023,2023-08-28,True
WX03,Austin,South,51,43,3,11,2022,2022-11-03,False
WX07,Chicago,North,24,27,4,11,2022,2022-11-04,False
WX03,Austin,South,75,32,10,8,2023,2023-08-10,False
WX01,Denver,West,18,63,5,2,2023,2023-02-05,False
WX01,Denver,West,26,76,1,1,2022,2022-01-01,False
WX04,Miami,South,23,78,27,2,2023,2023-02-27,False
WX04,Miami,South,49,56,17,4,2023,2023-04-17,True
WX06,Newark,East,91,78,16,8,2022,2022-08-16,False
WX04,Miami,South,80,63,12,5,2022,2022-05-12,False
WX02,Seattle,West,25,42,9,2,2022,2022-02-09,False
WX02,Seattle,West,66,42,10,9,2023,2023-09-10,False
WX05,Boston,East,22,57,4,1,2022,2022-01-04,False
WX03,Austin,South,36,37,2,3,2023,2023-03-02,False
WX06,Newark,East,71,79,3,9,2023,2023-09-03,False
WX08,Fargo,North,68,26,15,9,2022,2022-09-15,False
WX03,Austin,South,80,14,27,5,2022,2022-05-27,False
WX05,Boston,East,87,54,6,6,2023,2023-06-06,False
WX07,Chicago,North,63,16,6,4,2023,2023-04-06,False
WX02,Seattle,West,31,27,11,1,2022,2022-01-11,False
WX05,Boston,East,28,44,26,2,2023,2023-02-26,False
WX03,Austin,South,16,10,1,1,2022,2022-01-01,False
WX06,Newark,East,63,30,19,10,2022,2022-10-19,False
WX06,Newark,East,89,59,10,8,2022,2022-08-10,False
WX02,Seattle,West,93,44,1,9,2023,2023-09-01,False
WX02,Seattle,West,27,91,15,12,2023,2023-12-15,False
WX01,Denver,West,78,18,25,5,2023,2023-05-25,False
WX01,Denver,West,88,75,21,6,2023,2023-06-21,True
WX01,Denver,West,19,63,17,1,2022,2022-01-17,False
WX06,Newark,East,23,68,16,2,2022,2022-02-16,False
WX08,Fargo,North,92,71,21,7,2023,2023-07-21,False
WX04,Miami,South,42,14,9,11,2022,2022-11-09,False
WX08,Fargo,North,29,82,6,1,2023,2023-01-06,True
WX06,Newark,East,75,40,21,5,2023,2023-05-21,True
WX07,Chicago,North,69,69,11,9,2022,2022-09-11,False
WX06,Newark,East,70,36,13,5,2023,2023-05-13,False
WX02,Seattle,West,75,46,15,6,2023,2023-06-15,False
WX05,Boston,East,99,73,25,6,2022,2022-06-25,True
WX05,Boston,East,68,95,16,5,2023,2023-05-16,False
WX06,Newark,East,80,89,4,5,2022,2022-05-04,False
WX07,Chicago,North,88,76,15,8,2022,2022-08-15,False
WX01,Denver,West,92,59,24,7,2023,2023-07-24,True
WX06,Newark,East,24,58,19,12,2023,2023-12-19,False
WX07,Chicago,North,18,97,17,2,2022,2022-02-17,False
WX01,Denver,West,47,28,19,4,2023,2023-04-19,False
WX04,Miami,South,39,96,20,2,2023,2023-02-20,False
WX08,Fargo,North,38,69,19,3,2023,2023-03-19,False
WX01,Denver,West,99,66,29,7,2023,2023-07-29,False
WX02,Seattle,West,36,63,21,2,2022,2022-02-21,False
WX07,Chicago,North,82,83,24,6,2023,2023-06-24,False
WX02,Seattle,West,93,72,23,7,2022,2022-07-23,False
WX06,Newark,East,55,18,23,4,2022,2022-04-23,False
WX08,Fargo,North,28,81,23,11,2022,2022-11-23,False
WX04,Miami,South,19,76,20,1,2022,2022-01-20,False
WX04,Miami,South,60,93,6,4,2023,2023-04-06,False
WX04,Miami,South,21,95,17,2,2023,2023-02-17,False
WX03,Austin,South,17,96,10,1,2023,2023-01-10,False
WX04,Miami,South,19,13,23,1,2022,2022-01-23,True
WX05,Boston,East,107,67,12,7,2023,2023-07-12,False
WX08,Fargo,North,5,95,26,1,2022,2022-01-26,False
WX08,Fargo,North,94,97,11,7,2022,2022-07-11,False
WX07,Chicago,North,53,59,17,10,2022,2022-10-17,False
WX01,Denver,West,67,92,28,5,2023,2023-05-28,True
WX03,Austin,South,53,90,25,10,2022,2022-10-25,False
WX07,Chicago,North,91,10,20,8,2023,2023-08-20,False
WX05,Boston,East,43,90,14,11,2023,2023-11-14,False
WX03,Austin,South,91,68,13,7,2023,2023-07-13,True
WX03,Austin,South,29,62,29,1,2022,2022-01-29,True
WX01,Denver,West,100,26,17,7,2023,2023-07-17,False
WX03,Austin,South,79,93,31,5,2022,2022-05-31,False
WX04,Miami,South,51,36,11,10,2023,2023-10-11,False
WX04,Miami,South,29,48,16,12,2023,2023-12-16,True
WX05,Boston,East,41,37,3,3,2022,2022-03-03,False
WX03,Austin,South,31,98,13,3,2022,2022-03-13,True
WX02,Seattle,West,60,53,24,5,2023,2023-05-24,False
WX08,Fargo,North,39,20,15,4,2022,2022-04-15,True
WX04,Miami,South,25,10,9,12,2023,2023-12-09,False
WX03,Austin,South,22,99,30,1,2023,2023-01-30,True
WX06,Newark,East,15,31,23,2,2023,2023-02-23,False
WX05,Boston,East,81,80,21,9,2023,2023-09-21,False
WX05,Boston,East,87,12,8,6,2022,2022-06-08,False
WX02,Seattle,West,35,91,10,2,2023,2023-02-10,True
WX06,Newark,East,28,69,31,12,2023,2023-12-31,False
WX02,Seattle,West,11,30,17,1,2022,2022-01-17,False
WX07,Chicago,North,76,90,8,5,2022,2022-05-08,True
WX04,Miami,South,60,37,17,4,2022,2022-04-17,True
WX04,Miami,South,68,100,2,9,2022,2022-09-02,False
WX04,Miami,South,43,64,5,4,2022,2022-04-05,False
WX04,Miami,South,73,50,6,5,2022,2022-05-06,False
WX06,Newark,East,64,15,15,9,2023,2023-09-15,True
WX04,Miami,South,34,33,6,12,2022,2022-12-06,False
WX02,Seattle,West,69,15,19,9,2022,2022-09-19,False
WX05,Boston,East,51,87,2,11,2022,2022-11-02,False
WX03,Austin,South,8,19,10,12,2023,2023-12-10,False
WX01,Denver,West,26,20,25,12,2022,2022-12-25,False
WX07,Chicago,North,36,21,9,12,2022,2022-12-09,False
WX03,Austin,South,30,98,9,11,2023,2023-11-09,False
WX05,Boston,East,19,98,28,1,2022,2022-01-28,True
WX02,Seattle,West,21,75,16,12,2022,2022-12-16,False
WX03,Austin,South,85,16,1,7,2023,2023-07-01,False
WX04,Miami,South,22,55,11,1,2023,2023-01-11,False
WX02,Seattle,West,62,96,26,9,2023,2023-09-26,False
WX08,Fargo,North,54,18,10,10,2023,2023-10-10,False
WX03,Austin,South,77,82,3,9,2022,2022-09-03,True
WX05,Boston,East,84,11,20,8,2023,2023-08-20,False
WX05,Boston,East,77,83,28,6,2022,2022-06-28,False
WX04,Miami,South,94,59,24,6,2022,2022-06-24,False
WX05,Boston,East,31,90,15,12,2023,2023-12-15,False
WX05,Boston,East,12,47,10,1,2022,2022-01-10,True
WX01,Denver,West,62,81,15,9,2022,2022-09-15,True
WX06,Newark,East,47,86,5,4,2023,2023-04-05,True
WX01,Denver,West,59,39,29,10,2022,2022-10-29,False
WX04,Miami,South,75,68,9,9,2023,2023-09-09,False
WX03,Austin,South,96,51,3,7,2022,2022-07-03,False
WX04,Miami,South,22,49,8,2,2023,2023-02-08,False
WX01,Denver,West,48,82,2,4,2022,2022-04-02,False
WX06,Newark,East,93,30,4,6,2022,2022-06-04,False
WX04,Miami,South,68,20,7,5,2022,2022-05-07,False
WX01,Denver,West,87,53,26,6,2023,2023-06-26,False
WX01,Denver,West,60,84,28,5,2022,2022-05-28,True
WX05,Boston,East,68,24,4,5,2023,2023-05-04,False
WX06,Newark,East,81,40,10,9,2022,2022-09-10,False
WX05,Boston,East,19,70,17,2,2023,2023-02-17,False
WX06,Newark,East,79,53,30,9,2023,2023-09-30,False
WX07,Chicago,North,54,65,23,9,2023,2023-09-23,True
WX07,Chicago,North,16,58,9,1,2022,2022-01-09,False
WX08,Fargo,North,89,83,27,7,2023,2023-07-27,True
WX08,Fargo,North,51,89,29,11,2023,2023-11-29,False
WX07,Chicago,North,63,50,3,5,2023,2023-05-03,True
WX04,Miami,South,78,49,17,5,2022,2022-05-17,False
WX05,Boston,East,81,35,1,5,2023,2023-05-01,False
WX05,Boston,East,49,50,10,4,2023,2023-04-10,True
WX02,Seattle,West,52,86,29,4,2023,2023-04-29,False
WX06,Newark,East,39,55,10,11,2022,2022-11-10,True
WX05,Boston,East,8,72,19,1,2023,2023-01-19,False
WX05,Boston,East,51,48,21,4,2023,2023-04-21,False
WX07,Chicago,North,35,74,5,12,2022,2022-12-05,False
WX06,Newark,East,94,74,19,7,2023,2023-07-19,False
WX08,Fargo,North,84,58,3,6,2023,2023-06-03,False
WX08,Fargo,North,86,95,10,8,2022,2022-08-10,False
WX07,Chicago,North,42,89,22,3,2023,2023-03-22,False
WX03,Austin,South,96,24,7,7,2023,2023-07-07,False
WX02,Seattle,West,20,30,24,12,2022,2022-12-24,False
WX03,Austin,South,98,96,6,6,2023,2023-06-06,True
WX06,Newark,East,66,46,3,4,2022,2022-04-03,True
WX07,Chicago,North,60,38,9,10,2022,2022-10-09,False
WX08,Fargo,North,66,82,28,5,2023,2023-05-28,False
WX06,Newark,East,47,64,16,10,2023,2023-10-16,True
WX06,Newark,East,52,22,17,4,2023,2023-04-17,False
WX08,Fargo,North,55,18,30,4,2023,2023-04-30,False
WX06,Newark,East,58,83,7,9,2022,2022-09-07,False
WX02,Seattle,West,76,79,27,5,2023,2023-05-27,False
WX05,Boston,East,83,42,18,9,2022,2022-09-18,False
WX03,Austin,South,29,88,8,2,2022,2022-02-08,False
WX06,Newark,East,80,21,30,6,2022,2022-06-30,True
WX06,Newark,East,31,89,23,3,2023,2023-03-23,True
WX03,Austin,South,27,17,4,12,2023,2023-12-04,True
WX03,Austin,South,23,67,28,12,2022,2022-12-28,False
WX01,Denver,West,76,86,20,9,2023,2023-09-20,False
WX03,Austin,South,95,66,22,7,2023,2023-07-22,False
WX07,Chicago,North,33,80,14,2,2023,2023-02-14,True
WX06,Newark,East,76,41,11,8,2023,2023-08-11,False
WX08,Fargo,North,57,36,21,10,2022,2022-10-21,False
WX08,Fargo,North,35,34,20,11,2022,2022-11-20,False
WX07,Chicago,North,85,20,22,6,2023,2023-06-22,False
WX02,Seattle,West,62,35,12,4,2023,2023-04-12,False
WX03,Austin,South,28,32,21,1,2023,2023-01-21,False
WX01,Denver,West,49,78,13,11,2022,2022-11-13,False
WX01,Denver,West,28,29,14,12,2023,2023-12-14,True
WX02,Seattle,West,24,25,17,2,2022,2022-02-17,False
WX03,Austin,South,23,76,10,2,2022,2022-02-10,False
WX01,Denver,West,11,58,16,12,2022,2022-12-16,False
WX07,Chicago,North,31,29,26,1,2022,2022-01-26,False
WX05,Boston,East,70,74,6,9,2022,2022-09-06,True
WX06,Newark,East,29,29,20,2,2023,2023-02-20,False
WX06,Newark,East,60,81,23,10,2022,2022-10-23,False
WX08,Fargo,North,63,12,29,5,2022,2022-05-29,False
WX02,Seattle,West,83,63,27,7,2022,2022-07-27,False
WX03,Austin,South,50,64,18,3,2023,2023-03-18,False
WX03,Austin,South,40,43,26,11,2023,2023-11-26,False
WX05,Boston,East,85,72,25,7,2023,2023-07-25,False
WX05,Boston,East,24,44,4,2,2023,2023-02-04,False
WX07,Chicago,North,64,69,11,4,2022,2022-04-11,False
WX05,Boston,East,93,30,27,6,2022,2022-06-27,True
WX02,Seattle,West,26,61,18,11,2022,2022-11-18,False
WX05,Boston,East,98,78,30,6,2022,2022-06-30,False
WX08,Fargo,North,80,97,18,5,2023,2023-05-18,False
WX05,Boston,East,71,42,25,9,2022,2022-09-25,False
WX05,Boston,East,63,53,1,9,2023,2023-09-01,False
WX02,Seattle,West,98,53,16,7,2022,2022-07-16,False
WX01,Denver,West,29,88,29,12,2022,2022-12-29,True
WX02,Seattle,West,74,97,6,6,2023,2023-06-06,False
WX01,Denver,West,71,68,31,5,2022,2022-05-31,True
WX04,Miami,South,110,84,10,7,2023,2023-07-10,False
WX08,Fargo,North,38,17,4,3,2023,2023-03-04,False
WX04,Miami,South,49,79,18,4,2023,2023-04-18,True
WX06,Newark,East,29,83,28,11,2022,2022-11-28,False
WX07,Chicago,North,52,75,14,11,2023,2023-11-14,False
WX07,Chicago,North,97,63,18,7,2023,2023-07-18,False
WX06,Newark,East,84,91,21,5,2022,2022-05-21,False
WX07,Chicago,North,27,69,10,2,2023,2023-02-10,False
WX03,Austin,South,65,87,22,10,2023,2023-10-22,False
WX04,Miami,South,83,26,23,7,2022,2022-07-23,False
WX04,Miami,South,21,70,27,1,2023,2023-01-27,False
WX07,Chicago,North,92,49,5,7,2023,2023-07-05,False
WX04,Miami,South,101,89,19,7,2022,2022-07-19,False
WX08,Fargo,North,23,90,13,1,2023,2023-01-13,False
WX02,Seattle,West,20,86,8,2,2023,2023-02-08,False
WX02,Seattle,West,73,29,10,5,2022,2022-05-10,False
WX06,Newark,East,59,54,10,5,2022,2022-05-10,False
WX07,Chicago,North,6,10,16,2,2023,2023-02-16,False
WX06,Newark,East,79,99,11,5,2022,2022-05-11,False
WX03,Austin,South,35,33,24,11,2023,2023-11-24,False
WX01,Denver,West,18,66,18,1,2023,2023-01-18,False
WX03,Austin,South,79,54,31,5,2023,2023-05-31,False
WX04,Miami,South,66,92,17,10,2022,2022-10-17,False
WX04,Miami,South,90,84,7,8,2022,2022-08-07,False
WX08,Fargo,North,40,80,22,12,2022,2022-12-22,False
WX07,Chicago,North,89,68,3,6,2023,2023-06-03,False
WX07,Chicago,North,57,20,18,10,2022,2022-10-18,False
WX01,Denver,West,92,93,26,7,2022,2022-07-26,False
WX02,Seattle,West,45,15,16,4,2022,2022-04-16,False
WX04,Miami,South,32,51,1,2,2023,2023-02-01,True
WX05,Boston,East,53,44,12,5,2023,2023-05-12,True
WX06,Newark,East,15,45,20,1,2023,2023-01-20,False
WX03,Austin,South,90,98,6,7,2022,2022-07-06,False
WX01,Denver,West,79,31,30,6,2022,2022-06-30,True
WX03,Austin,South,51,62,3,10,2022,2022-10-03,False
WX07,Chicago,North,87,29,11,9,2022,2022-09-11,False
WX08,Fargo,North,81,92,29,5,2022,2022-05-29,False
WX08,Fargo,North,32,76,19,11,2023,2023-11-19,False
WX05,Boston,East,82,47,29,8,2022,2022-08-29,False
WX01,Denver,West,80,17,2,7,2022,2022-07-02,False
WX08,Fargo,North,43,23,19,3,2023,2023-03-19,False
WX02,Seattle,West,83,32,8,8,2023,2023-08-08,False
WX03,Austin,South,9,46,6,12,2022,2022-12-06,True
WX08,Fargo,North,73,90,3,5,2023,2023-05-03,False
WX05,Boston,East,41,20,11,3,2022,2022-03-11,False
WX02,Seattle,West,28,62,24,1,2023,2023-01-24,True
WX05,Boston,East,24,41,18,2,2022,2022-02-18,False
WX01,Denver,West,52,14,11,4,2022,2022-04-11,True
WX03,Austin,South,53,66,9,3,2023,2023-03-09,False
WX08,Fargo,North,73,74,30,5,2022,2022-05-30,False
WX03,Austin,South,26,97,27,1,2022,2022-01-27,False
WX08,Fargo,North,68,56,11,5,2022,2022-05-11,False
WX05,Boston,East,96,39,19,7,2023,2023-07-19,False
WX06,Newark,East,26,87,5,3,2023,2023-03-05,False
WX06,Newark,East,51,32,6,10,2022,2022-10-06,True
WX05,Boston,East,15,72,12,12,2023,2023-12-12,False
WX01,Denver,West,50,95,9,10,2022,2022-10-09,False
WX08,Fargo,North,65,10,3,10,2023,2023-10-03,True
WX04,Miami,South,68,94,9,9,2022,2022-09-09,True
WX06,Newark,East,26,28,19,1,2022,2022-01-19,False
WX05,Boston,East,50,53,22,3,2022,2022-03-22,True
WX06,Newark,East,90,33,19,7,2022,2022-07-19,False
WX03,Austin,South,80,23,17,5,2022,2022-05-17,True
WX07,Chicago,North,59,73,25,4,2022,2022-04-25,False
WX02,Seattle,West,56,53,7,10,2022,2022-10-07,False
WX06,Newark,East,31,56,14,12,2023,2023-12-14,False
WX05,Boston,East,87,54,27,5,2022,2022-05-27,False
WX05,Boston,East,80,78,21,6,2022,2022-06-21,True
WX01,Denver,West,17,97,28,12,2023,2023-12-28,False
WX04,Miami,South,64,56,27,5,2022,2022-05-27,False
WX01,Denver,West,93,24,30,8,2023,2023-08-30,False
WX05,Boston,East,47,39,30,3,2023,2023-03-30,False
WX06,Newark,East,33,55,9,11,2023,2023-11-09,True
WX05,Boston,East,8,19,11,2,2023,2023-02-11,False
WX07,Chicago,North,32,30,10,3,2023,2023-03-10,False
WX03,Austin,South,90,28,14,6,2022,2022-06-14,True
WX03,Austin,South,24,98,24,2,2023,2023-02-24,False
WX04,Miami,South,74,46,5,5,2023,2023-05-05,True
WX02,Seattle,West,21,89,22,12,2023,2023-12-22,False
WX07,Chicago,North,46,60,12,3,2022,2022-03-12,False
WX07,Chicago,North,58,56,25,4,2022,2022-04-25,False
WX04,Miami,South,25,95,15,1,2022,2022-01-15,True
WX07,Chicago,North,87,72,1,8,2023,2023-08-01,True
WX01,Denver,West,42,31,2,3,2022,2022-03-02,False
WX02,Seattle,West,59,35,31,10,2023,2023-10-31,True
WX03,Austin,South,65,70,24,9,2022,2022-09-24,False
WX04,Miami,South,93,10,30,7,2022,2022-07-30,False
WX02,Seattle,West,31,23,13,12,2023,2023-12-13,False
WX05,Boston,East,95,16,10,6,2023,2023-06-10,False
WX07,Chicago,North,28,74,4,2,2023,2023-02-04,True
WX04,Miami,South,47,50,11,10,2023,2023-10-11,True
WX04,Miami,South,84,11,5,7,2023,2023-07-05,False
WX01,Denver,West,52,77,11,4,2023,2023-04-11,False
WX03,Austin,South,87,69,23,8,2022,2022-08-23,False
WX07,Chicago,North,24,75,21,12,2023,2023-12-21,False
WX07,Chicago,North,76,24,10,6,2023,2023-06-10,False
WX01,Denver,West,28,89,22,11,2023,2023-11-22,False
WX01,Denver,West,8,26,7,12,2023,2023-12-07,False
WX07,Chicago,North,0,61,5,2,2023,2023-02-05,False
WX02,Seattle,West,71,60,19,9,2022,2022-09-19,False
WX05,Boston,East,56,29,23,11,2023,2023-11-23,False
WX07,Chicago,North,39,44,31,12,2023,2023-12-31,False
WX07,Chicago,North,30,14,31,3,2022,2022-03-31,False
WX05,Boston,East,56,52,12,4,2023,2023-04-12,True
WX04,Miami,South,26,71,16,3,2023,2023-03-16,False
WX07,Chicago,North,80,38,1,7,2023,2023-07-01,False
WX06,Newark,East,15,58,14,12,2023,2023-12-14,False
WX07,Chicago,North,88,96,4,7,2022,2022-07-04,True
WX05,Boston,East,23,31,14,12,2023,2023-12-14,False
WX08,Fargo,North,57,36,15,4,2023,2023-04-15,False
WX07,Chicago,North,43,20,2,3,2022,2022-03-02,False
WX01,Denver,West,17,59,9,1,2023,2023-01-09,False
WX03,Austin,South,55,28,8,4,2022,2022-04-08,False
WX07,Chicago,North,29,87,30,11,2023,2023-11-30,False
WX01,Denver,West,79,36,12,7,2023,2023-07-12,False
WX06,Newark,East,43,70,23,10,2023,2023-10-23,False
WX03,Austin,South,43,27,16,3,2023,2023-03-16,False
WX02,Seattle,West,52,39,17,10,2022,2022-10-17,False
WX05,Boston,East,23,25,9,11,2022,2022-11-09,True
WX08,Fargo,North,37,60,23,11,2023,2023-11-23,False
WX08,Fargo,North,45,12,21,4,2022,2022-04-21,False
WX04,Miami,South,68,17,8,10,2023,2023-10-08,False
WX01,Denver,West,33,55,5,11,2022,2022-11-05,False
WX08,Fargo,North,43,59,7,3,2023,2023-03-07,False
WX08,Fargo,North,81,40,2,5,2023,2023-05-02,False
WX05,Boston,East,30,49,1,3,2022,2022-03-01,False
WX06,Newark,East,56,47,19,4,2022,2022-04-19,False
WX05,Boston,East,59,78,28,4,2022,2022-04-28,False
WX01,Denver,West,91,50,23,7,2023,2023-07-23,False
WX02,Seattle,West,28,87,26,2,2022,2022-02-26,False
WX02,Seattle,West,27,29,22,3,2023,2023-03-22,False
WX08,Fargo,North,42,28,20,3,2022,2022-03-20,True
WX01,Denver,West,86,46,15,7,2023,2023-07-15,False
WX05,Boston,East,27,17,15,12,2023,2023-12-15,False
WX03,Austin,South,62,71,30,10,2022,2022-10-30,False
WX01,Denver,West,91,45,4,6,2022,2022-06-04,True
WX08,Fargo,North,40,43,21,11,2022,2022-11-21,False
WX01,Denver,West,78,58,20,5,2023,2023-05-20,False
WX07,Chicago,North,91,17,15,6,2023,2023-06-15,False
WX07,Chicago,North,67,44,10,4,2023,2023-04-10,False
WX07,Chicago,North,37,98,1,3,2023,2023-03-01,False
WX02,Seattle,West,56,67,6,4,2023,2023-04-06,True
WX08,Fargo,North,93,62,8,6,2022,2022-06-08,False
WX05,Boston,East,69,56,31,5,2022,2022-05-31,False
WX04,Miami,South,27,52,11,11,2023,2023-11-11,True
WX06,Newark,East,29,95,27,2,2023,2023-02-27,True
WX03,Austin,South,71,94,21,9,2023,2023-09-21,True
WX03,Austin,South,45,47,2,4,2023,2023-04-02,True
WX03,Austin,South,42,94,29,11,2022,2022-11-29,False
WX05,Boston,East,36,17,21,2,2023,2023-02-21,False
WX05,Boston,East,59,39,20,5,2023,2023-05-20,False
WX02,Seattle,West,81,37,16,5,2022,2022-05-16,False
WX02,Seattle,West,4,73,4,12,2022,2022-12-04,False
WX08,Fargo,North,82,65,12,6,2023,2023-06-12,False
WX05,Boston,East,52,53,5,3,2022,2022-03-05,False
WX07,Chicago,North,22,33,23,2,2022,2022-02-23,False
WX03,Austin,South,56,56,27,4,2022,2022-04-27,False
WX03,Austin,South,44,34,8,3,2023,2023-03-08,False
WX03,Austin,South,72,55,24,6,2022,2022-06-24,False
WX05,Boston,East,38,40,15,11,2022,2022-11-15,False
WX07,Chicago,North,56,90,8,4,2022,2022-04-08,False
WX05,Boston,East,105,77,2,7,2022,2022-07-02,False
WX03,Austin,South,10,25,13,1,2022,2022-01-13,True
WX08,Fargo,North,82,95,13,8,2023,2023-08-13,False
WX05,Boston,East,17,69,7,12,2022,2022-12-07,False
WX04,Miami,South,64,41,9,5,2022,2022-05-09,False
WX01,Denver,West,29,58,20,1,2023,2023-01-20,False
WX05,Boston,East,38,27,13,11,2023,2023-11-13,True
WX05,Boston,East,81,14,26,8,2023,2023-08-26,False
WX08,Fargo,North,51,48,8,10,2023,2023-10-08,False
WX02,Seattle,West,50,81,24,10,2022,2022-10-24,False
WX02,Seattle,West,69,42,21,9,2022,2022-09-21,False
WX08,Fargo,North,75,44,19,8,2022,2022-08-19,True
WX05,Boston,East,83,100,11,8,2022,2022-08-11,True
WX01,Denver,West,35,99,3,11,2023,2023-11-03,False
WX01,Denver,West,49,52,11,4,2022,2022-04-11,True
WX04,Miami,South,74,14,14,9,2023,2023-09-14,False
WX05,Boston,East,57,71,31,10,2023,2023-10-31,False
WX02,Seattle,West,68,75,9,9,2023,2023-09-09,False
WX03,Austin,South,54,93,4,4,2023,2023-04-04,False
WX06,Newark,East,90,96,17,9,2023,2023-09-17,True
WX08,Fargo,North,37,67,24,1,2022,2022-01-24,False
WX04,Miami,South,77,19,20,8,2023,2023-08-20,False
WX04,Miami,South,13,32,9,1,2023,2023-01-09,True
WX03,Austin,South,16,75,1,12,2023,2023-12-01,False
WX02,Seattle,West,46,65,4,3,2022,2022-03-04,False
WX01,Denver,West,34,49,10,11,2023,2023-11-10,True
WX07,Chicago,North,27,46,23,2,2023,2023-02-23,True
WX01,Denver,West,53,74,17,3,2022,2022-03-17,False
WX07,Chicago,North,20,48,7,1,2023,2023-01-07,False
WX02,Seattle,West,26,24,28,1,2022,2022-01-28,False
WX06,Newark,East,42,99,2,3,2022,2022-03-02,False
WX08,Fargo,North,15,41,24,1,2023,2023-01-24,False
WX06,Newark,East,94,35,19,8,2023,2023-08-19,True
WX06,Newark,East,31,16,20,3,2022,2022-03-20,False
WX03,Austin,South,101,52,11,7,2022,2022-07-11,False
WX05,Boston,East,50,99,13,10,2022,2022-10-13,False
WX06,Newark,East,16,24,31,1,2023,2023-01-31,False
WX04,Miami,South,11,32,1,1,2022,2022-01-01,False
WX01,Denver,West,48,26,12,4,2023,2023-04-12,True
WX08,Fargo,North,21,18,30,12,2022,2022-12-30,False
WX02,Seattle,West,5,64,4,12,2023,2023-12-04,True
WX08,Fargo,North,83,37,8,8,2022,2022-08-08,False
WX08,Fargo,North,21,78,27,12,2022,2022-12-27,True
WX01,Denver,West,44,46,1,3,2022,2022-03-01,False
WX06,Newark,East,41,67,1,11,2023,2023-11-01,True
WX06,Newark,East,67,18,1,9,2023,2023-09-01,False
WX02,Seattle,West,69,39,17,9,2022,2022-09-17,True
WX07,Chicago,North,23,47,3,12,2022,2022-12-03,False
WX01,Denver,West,84,15,18,9,2023,2023-09-18,False
WX02,Seattle,West,79,48,4,8,2022,2022-08-04,False
WX08,Fargo,North,80,52,22,6,2022,2022-06-22,False
WX06,Newark,East,76,46,26,6,2022,2022-06-26,False
WX01,Denver,West,73,55,1,6,2023,2023-06-01,False
WX02,Seattle,West,88,82,4,6,2022,2022-06-04,False
WX03,Austin,South,39,80,6,3,2022,2022-03-06,True
WX01,Denver,West,83,11,1,5,2022,2022-05-01,False
WX02,Seattle,West,33,68,21,12,2023,2023-12-21,False
WX05,Boston,East,92,92,30,9,2023,2023-09-30,False
WX01,Denver,West,37,89,28,11,2023,2023-11-28,False
WX03,Austin,South,88,39,22,7,2022,2022-07-22,False
WX03,Austin,South,27,81,19,11,2022,2022-11-19,False
WX08,Fargo,North,30,82,25,12,2022,2022-12-25,False
WX08,Fargo,North,21,43,18,1,2023,2023-01-18,False
WX07,Chicago,North,25,89,20,1,2022,2022-01-20,True
WX03,Austin,South,28,67,13,3,2023,2023-03-13,False
WX05,Boston,East,23,78,29,1,2022,2022-01-29,False
WX05,Boston,East,92,78,20,7,2022,2022-07-20,True
WX07,Chicago,North,86,81,2,8,2022,2022-08-02,False
WX06,Newark,East,67,97,8,5,2023,2023-05-08,False
WX08,Fargo,North,65,88,17,10,2023,2023-10-17,False
WX05,Boston,East,89,48,25,5,2023,2023-05-25,False
WX08,Fargo,North,29,61,14,11,2022,2022-11-14,False
WX06,Newark,East,26,68,19,1,2023,2023-01-19,False
WX06,Newark,East,-3,87,10,1,2023,2023-01-10,False
WX06,Newark,East,60,45,18,4,2022,2022-04-18,False
WX03,Austin,South,23,38,30,11,2023,2023-11-30,True
WX05,Boston,East,33,77,3,11,2023,2023-11-03,False
WX03,Austin,South,75,96,25,6,2022,2022-06-25,False
WX06,Newark,East,36,92,25,3,2022,2022-03-25,True
WX03,Austin,South,79,23,1,5,2022,2022-05-01,False
WX07,Chicago,North,40,93,5,4,2023,2023-04-05,False
WX05,Boston,East,17,81,22,1,2022,2022-01-22,False
WX06,Newark,East,33,24,17,3,2022,2022-03-17,False
WX02,Seattle,West,68,10,19,4,2023,2023-04-19,False
WX07,Chicago,North,58,28,17,4,2022,2022-04-17,False
WX07,Chicago,North,15,94,20,2,2022,2022-02-20,False
WX02,Seattle,West,16,78,15,1,2022,2022-01-15,False
WX03,Austin,South,85,62,31,5,2023,2023-05-31,False
WX06,Newark,East,78,67,23,9,2022,2022-09-23,False
WX07,Chicago,North,83,47,27,7,2022,2022-07-27,True
WX06,Newark,East,53,92,12,4,2023,2023-04-12,False
WX04,Miami,South,71,24,5,5,2022,2022-05-05,False
WX03,Austin,South,16,38,16,1,2023,2023-01-16,False
WX08,Fargo,North,11,28,20,12,2022,2022-12-20,False
WX07,Chicago,North,67,87,8,5,2023,2023-05-08,False
WX08,Fargo,North,66,59,1,4,2023,2023-04-01,False
WX03,Austin,South,69,72,8,5,2023,2023-05-08,True
WX04,Miami,South,84,93,5,6,2022,2022-06-05,False
WX02,Seattle,West,56,27,13,4,2022,2022-04-13,False
WX08,Fargo,North,38,97,25,1,2023,2023-01-25,True
WX07,Chicago,North,25,21,11,2,2022,2022-02-11,False
WX02,Seattle,West,46,78,28,11,2022,2022-11-28,False
WX02,Seattle,West,50,73,2,4,2023,2023-04-02,False
WX05,Boston,East,83,85,23,8,2023,2023-08-23,False
WX04,Miami,South,55,24,22,4,2023,2023-04-22,True
WX04,Miami,South,18,97,28,12,2023,2023-12-28,False
WX03,Austin,South,23,82,11,2,2023,2023-02-11,False
WX06,Newark,East,45,20,22,11,2022,2022-11-22,False
WX08,Fargo,North,79,60,29,6,2022,2022-06-29,False
WX08,Fargo,North,73,84,7,5,2023,2023-05-07,False
WX04,Miami,South,91,53,15,8,2023,2023-08-15,True
WX07,Chicago,North,79,44,23,8,2022,2022-08-23,False
WX06,Newark,East,33,35,25,2,2022,2022-02-25,False
WX02,Seattle,West,21,56,8,1,2022,2022-01-08,False
WX07,Chicago,North,54,99,7,4,2023,2023-04-07,False
WX03,Austin,South,39,65,30,4,2023,2023-04-30,True
WX06,Newark,East,35,75,29,3,2022,2022-03-29,False
WX06,Newark,East,23,80,17,1,2022,2022-01-17,False
WX08,Fargo,North,69,80,23,4,2023,2023-04-23,False
WX08,Fargo,North,60,46,18,10,2022,2022-10-18,False
WX07,Chicago,North,47,79,1,11,2022,2022-11-01,False
WX05,Boston,East,80,39,11,7,2022,2022-07-11,True
WX04,Miami,South,84,63,9,6,2023,2023-06-09,False
WX04,Miami,South,95,37,28,6,2023,2023-06-28,False
WX08,Fargo,North,18,95,8,2,2022,2022-02-08,False
WX02,Seattle,West,45,76,7,3,2022,2022-03-07,False
WX05,Boston,East,31,63,10,2,2023,2023-02-10,False
WX06,Newark,East,40,51,17,3,2023,2023-03-17,False
WX01,Denver,West,52,57,16,4,2022,2022-04-16,False
WX06,Newark,East,47,80,26,4,2022,2022-04-26,False
WX03,Austin,South,87,34,14,5,2023,2023-05-14,True
WX03,Austin,South,43,85,28,11,2022,2022-11-28,False
WX05,Boston,East,40,35,29,3,2022,2022-03-29,False
WX01,Denver,West,34,22,21,3,2023,2023-03-21,True
WX02,Seattle,West,25,77,23,2,2022,2022-02-23,True
WX04,Miami,South,87,74,18,6,2022,2022-06-18,False
WX05,Boston,East,89,40,5,6,2023,2023-06-05,False
WX01,Denver,West,91,69,12,6,2022,2022-06-12,True
WX03,Austin,South,18,76,16,2,2022,2022-02-16,True
WX03,Austin,South,13,81,2,12,2023,2023-12-02,False
WX05,Boston,East,86,96,13,6,2022,2022-06-13,False
WX03,Austin,South,6,87,11,1,2023,2023-01-11,False
WX01,Denver,West,83,49,26,8,2023,2023-08-26,False
WX05,Boston,East,21,30,24,12,2023,2023-12-24,False
WX07,Chicago,North,89,18,15,8,2023,2023-08-15,True
WX05,Boston,East,88,62,5,9,2022,2022-09-05,False
WX03,Austin,South,57,70,16,9,2023,2023-09-16,False
WX04,Miami,South,38,72,10,1,2022,2022-01-10,False
WX02,Seattle,West,83,10,27,8,2022,2022-08-27,False
WX02,Seattle,West,75,73,26,5,2022,2022-05-26,False
WX04,Miami,South,9,81,21,1,2023,2023-01-21,False
WX05,Boston,East,63,75,13,10,2023,2023-10-13,True
WX04,Miami,South,90,57,19,7,2023,2023-07-19,False
WX08,Fargo,North,24,11,30,12,2023,2023-12-30,False
WX06,Newark,East,40,54,10,4,2022,2022-04-10,False
WX01,Denver,West,91,68,4,7,2023,2023-07-04,False
WX05,Boston,East,92,61,13,6,2023,2023-06-13,True
WX05,Boston,East,36,62,30,11,2022,2022-11-30,False
WX01,Denver,West,47,56,13,3,2022,2022-03-13,True
WX04,Miami,South,47,60,18,3,2022,2022-03-18,True
WX07,Chicago,North,50,39,29,10,2023,2023-10-29,False
WX03,Austin,South,98,65,4,8,2022,2022-08-04,False
WX04,Miami,South,55,35,11,4,2023,2023-04-11,False
WX02,Seattle,West,38,54,22,11,2023,2023-11-22,False
WX01,Denver,West,25,47,27,12,2022,2022-12-27,True
WX03,Austin,South,86,74,3,6,2022,2022-06-03,True
WX07,Chicago,North,4,91,20,12,2022,2022-12-20,True
WX08,Fargo,North,84,67,17,6,2022,2022-06-17,False
WX06,Newark,East,62,22,13,5,2022,2022-05-13,True
WX07,Chicago,North,98,70,16,8,2023,2023-08-16,False
WX06,Newark,East,85,39,10,9,2022,2022-09-10,False
WX06,Newark,East,79,14,15,5,2023,2023-05-15,False
WX04,Miami,South,83,27,15,6,2023,2023-06-15,False
WX01,Denver,West,17,100,6,2,2023,2023-02-06,True
WX04,Miami,South,15,48,30,1,2023,2023-01-30,False
WX07,Chicago,North,88,28,12,5,2022,2022-05-12,False
WX05,Boston,East,14,22,22,1,2023,2023-01-22,True
WX07,Chicago,North,71,69,3,7,2023,2023-07-03,False
WX01,Denver,West,81,79,23,5,2022,2022-05-23,True
WX02,Seattle,West,97,42,19,6,2022,2022-06-19,False
WX03,Austin,South,86,19,19,5,2023,2023-05-19,False
WX03,Austin,South,33,42,18,12,2023,2023-12-18,True
WX08,Fargo,North,65,70,14,10,2022,2022-10-14,False
WX04,Miami,South,86,20,28,8,2023,2023-08-28,False
WX06,Newark,East,56,34,14,5,2022,2022-05-14,False
WX06,Newark,East,25,10,20,2,2023,2023-02-20,False
WX04,Miami,South,42,52,20,11,2023,2023-11-20,False
WX08,Fargo,North,36,25,19,11,2022,2022-11-19,True
WX02,Seattle,West,19,28,5,1,2023,2023-01-05,True
WX01,Denver,West,47,20,24,4,2022,2022-04-24,False
WX06,Newark,East,12,76,21,1,2023,2023-01-21,False
WX06,Newark,East,52,54,4,3,2023,2023-03-04,False
WX03,Austin,South,40,96,18,12,2023,2023-12-18,False
WX07,Chicago,North,72,45,27,5,2022,2022-05-27,False
WX02,Seattle,West,75,30,25,9,2022,2022-09-25,False
WX03,Austin,South,47,28,18,4,2023,2023-04-18,False
WX02,Seattle,West,43,96,20,11,2023,2023-11-20,False
WX02,Seattle,West,99,63,23,6,2022,2022-06-23,False
WX06,Newark,East,60,39,23,5,2023,2023-05-23,False
WX06,Newark,East,59,69,4,10,2023,2023-10-04,False
WX06,Newark,East,59,60,8,4,2023,2023-04-08,False
WX07,Chicago,North,42,20,8,11,2022,2022-11-08,False
WX01,Denver,West,98,73,21,6,2022,2022-06-21,True
WX05,Boston,East,106,20,30,7,2022,2022-07-30,False
WX01,Denver,West,23,28,7,2,2022,2022-02-07,False
WX08,Fargo,North,60,74,21,4,2022,2022-04-21,False
WX06,Newark,East,38,50,16,11,2022,2022-11-16,True
WX07,Chicago,North,50,30,13,4,2022,2022-04-13,False
WX05,Boston,East,22,16,8,1,2022,2022-01-08,False
WX04,Miami,South,78,64,21,5,2023,2023-05-21,False
WX06,Newark,East,26,73,21,2,2022,2022-02-21,True
WX07,Chicago,North,48,28,14,4,2022,2022-04-14,False
WX02,Seattle,West,34,47,11,3,2023,2023-03-11,True
WX07,Chicago,North,34,41,4,11,2023,2023-11-04,False
WX06,Newark,East,79,91,13,6,2023,2023-06-13,False
WX01,Denver,West,23,81,24,1,2022,2022-01-24,False
WX08,Fargo,North,76,34,3,5,2022,2022-05-03,False
WX02,Seattle,West,93,56,25,6,2023,2023-06-25,False
WX05,Boston,East,78,94,19,6,2023,2023-06-19,False
WX02,Seattle,West,50,41,13,10,2022,2022-10-13,False
WX02,Seattle,West,50,22,25,11,2023,2023-11-25,False
WX06,Newark,East,54,37,11,10,2023,2023-10-11,True
WX06,Newark,East,86,65,27,6,2023,2023-06-27,False
WX06,Newark,East,89,100,1,7,2023,2023-07-01,True
WX03,Austin,South,99,38,27,7,2023,2023-07-27,False
WX07,Chicago,North,64,15,19,4,2022,2022-04-19,False
WX01,Denver,West,81,26,27,5,2023,2023-05-27,False
WX07,Chicago,North,38,47,18,11,2023,2023-11-18,False
WX03,Austin,South,78,18,14,6,2022,2022-06-14,True
WX05,Boston,East,35,13,11,1,2022,2022-01-11,False
WX08,Fargo,North,79,69,21,9,2022,2022-09-21,False
WX03,Austin,South,86,85,16,7,2022,2022-07-16,True
WX04,Miami,South,49,31,24,11,2023,2023-11-24,False
WX07,Chicago,North,33,57,22,11,2022,2022-11-22,False
WX07,Chicago,North,66,62,28,4,2023,2023-04-28,False
WX02,Seattle,West,37,70,18,12,2023,2023-12-18,True
WX05,Boston,East,83,99,30,7,2023,2023-07-30,True
WX03,Austin,South,95,90,1,7,2023,2023-07-01,False
WX05,Boston,East,31,38,9,12,2023,2023-12-09,False
WX04,Miami,South,93,98,18,5,2023,2023-05-18,False
WX01,Denver,West,79,13,18,6,2022,2022-06-18,True
WX08,Fargo,North,97,97,15,6,2023,2023-06-15,False
WX06,Newark,East,85,22,23,8,2022,2022-08-23,False
WX04,Miami,South,75,20,30,8,2022,2022-08-30,False
WX01,Denver,West,54,20,16,4,2023,2023-04-16,False
WX01,Denver,West,85,21,19,8,2022,2022-08-19,False
WX04,Miami,South,12,52,18,1,2022,2022-01-18,False
WX06,Newark,East,27,68,31,12,2023,2023-12-31,False
WX03,Austin,South,32,77,21,2,2023,2023-02-21,False
WX06,Newark,East,74,11,5,5,2023,2023-05-05,False
WX04,Miami,South,81,36,14,8,2023,2023-08-14,False
WX01,Denver,West,54,22,9,4,2023,2023-04-09,False
WX05,Boston,East,37,23,22,3,2023,2023-03-22,True
WX02,Seattle,West,87,77,2,8,2023,2023-08-02,False
WX01,Denver,West,94,68,4,8,2022,2022-08-04,True
WX02,Seattle,West,87,29,28,8,2023,2023-08-28,True
WX03,Austin,South,74,37,13,6,2023,2023-06-13,False
WX05,Boston,East,68,94,13,5,2022,2022-05-13,True
WX08,Fargo,North,56,62,17,4,2022,2022-04-17,True
WX02,Seattle,West,64,31,5,10,2023,2023-10-05,True
WX01,Denver,West,65,94,16,10,2023,2023-10-16,True
WX02,Seattle,West,39,28,27,12,2023,2023-12-27,False
WX03,Austin,South,39,36,15,3,2022,2022-03-15,False
WX02,Seattle,West,61,73,16,10,2023,2023-10-16,False
WX03,Austin,South,61,56,23,9,2023,2023-09-23,False
WX08,Fargo,North,93,16,15,7,2023,2023-07-15,False
WX04,Miami,South,16,83,30,12,2022,2022-12-30,False
WX06,Newark,East,19,30,7,1,2023,2023-01-07,False
WX06,Newark,East,62,72,9,11,2022,2022-11-09,False
WX02,Seattle,West,22,40,22,1,2022,2022-01-22,False
WX02,Seattle,West,13,78,1,1,2023,2023-01-01,False
WX04,Miami,South,89,91,23,6,2022,2022-06-23,True
WX04,Miami,South,68,80,27,5,2022,2022-05-27,False
WX01,Denver,West,17,93,10,2,2022,2022-02-10,False
WX06,Newark,East,42,59,1,12,2022,2022-12-01,False
WX03,Austin,South,33,15,4,2,2022,2022-02-04,True
WX03,Austin,South,75,58,13,9,2023,2023-09-13,False
WX05,Boston,East,52,51,12,10,2023,2023-10-12,False
WX08,Fargo,North,83,75,8,8,2023,2023-08-08,True
WX07,Chicago,North,98,32,8,8,2022,2022-08-08,False
WX08,Fargo,North,57,73,30,4,2022,2022-04-30,False
WX04,Miami,South,-5,50,4,1,2023,2023-01-04,True
WX01,Denver,West,92,70,7,5,2023,2023-05-07,False
WX02,Seattle,West,21,48,16,1,2022,2022-01-16,True
WX03,Austin,South,75,44,18,9,2023,2023-09-18,False
WX03,Austin,South,46,29,17,11,2022,2022-11-17,True
WX02,Seattle,West,89,85,22,8,2023,2023-08-22,True
WX02,Seattle,West,31,16,26,2,2022,2022-02-26,False
WX02,Seattle,West,34,31,7,11,2022,2022-11-07,False
WX06,Newark,East,15,48,1,12,2022,2022-12-01,True
WX04,Miami,South,27,24,5,2,2022,2022-02-05,False
WX01,Denver,West,97,93,1,6,2023,2023-06-01,False
WX05,Boston,East,32,41,11,11,2023,2023-11-11,False
WX07,Chicago,North,14,32,30,1,2023,2023-01-30,False
WX04,Miami,South,65,33,16,10,2022,2022-10-16,False
WX03,Austin,South,51,27,10,4,2023,2023-04-10,False
WX03,Austin,South,69,70,21,9,2022,2022-09-21,False
WX04,Miami,South,70,53,20,9,2022,2022-09-20,False
WX03,Austin,South,89,31,9,7,2023,2023-07-09,True
WX08,Fargo,North,25,89,8,3,2023,2023-03-08,True
WX08,Fargo,North,86,69,12,7,2022,2022-07-12,False
WX03,Austin,South,57,46,25,10,2022,2022-10-25,True
WX08,Fargo,North,74,56,2,9,2023,2023-09-02,False
WX07,Chicago,North,29,69,21,1,2023,2023-01-21,False
WX01,Denver,West,39,23,25,2,2022,2022-02-25,False
WX04,Miami,South,85,83,18,9,2023,2023-09-18,False
WX06,Newark,East,93,33,25,6,2023,2023-06-25,False
WX04,Miami,South,89,12,14,7,2022,2022-07-14,False
WX04,Miami,South,20,57,7,12,2023,2023-12-07,True
WX04,Miami,South,38,89,26,11,2023,2023-11-26,True
WX06,Newark,East,29,76,28,12,2023,2023-12-28,False
WX03,Austin,South,62,38,3,10,2022,2022-10-03,False
WX05,Boston,East,42,46,6,11,2023,2023-11-06,False
WX02,Seattle,West,84,64,12,8,2023,2023-08-12,False
WX08,Fargo,North,79,31,28,9,2023,2023-09-28,True
WX01,Denver,West,35,84,4,2,2023,2023-02-04,False
WX01,Denver,West,97,36,23,7,2022,2022-07-23,False
WX01,Denver,West,85,29,15,6,2022,2022-06-15,False
WX03,Austin,South,18,18,7,12,2023,2023-12-07,False
WX05,Boston,East,13,73,2,1,2023,2023-01-02,False
WX08,Fargo,North,32,12,9,11,2023,2023-11-09,True
WX04,Miami,South,27,83,9,2,2023,2023-02-09,False
WX02,Seattle,West,24,98,26,1,2023,2023-01-26,True
WX03,Austin,South,13,20,23,2,2022,2022-02-23,True
WX02,Seattle,West,51,18,21,10,2022,2022-10-21,False
WX04,Miami,South,27,95,10,2,2023,2023-02-10,True
WX06,Newark,East,30,21,21,3,2022,2022-03-21,True
WX01,Denver,West,58,47,29,4,2022,2022-04-29,False
WX07,Chicago,North,35,89,8,3,2023,2023-03-08,False
WX02,Seattle,West,84,22,1,7,2022,2022-07-01,False
WX06,Newark,East,73,70,27,5,2023,2023-05-27,False
WX07,Chicago,North,28,44,3,12,2022,2022-12-03,False
WX07,Chicago,North,48,49,22,10,2022,2022-10-22,False
WX06,Newark,East,36,94,27,3,2022,2022-03-27,False
WX06,Newark,East,59,69,24,10,2022,2022-10-24,False
WX02,Seattle,West,14,39,31,1,2023,2023-01-31,False
WX02,Seattle,West,11,95,23,2,2023,2023-02-23,True
WX04,Miami,South,78,62,17,7,2022,2022-07-17,True
WX05,Boston,East,17,19,21,1,2022,2022-01-21,False
WX05,Boston,East,27,45,14,11,2023,2023-11-14,True
WX07,Chicago,North,22,32,1,12,2023,2023-12-01,False
WX03,Austin,South,68,68,23,10,2023,2023-10-23,False
WX07,Chicago,North,79,88,31,7,2022,2022-07-31,False
WX04,Miami,South,35,13,16,3,2023,2023-03-16,False
WX02,Seattle,West,72,81,13,4,2022,2022-04-13,True
WX06,Newark,East,58,93,24,10,2023,2023-10-24,False
WX02,Seattle,West,17,100,5,1,2022,2022-01-05,False
WX04,Miami,South,23,70,10,12,2022,2022-12-10,False
WX07,Chicago,North,76,38,18,9,2023,2023-09-18,False
WX07,Chicago,North,99,23,14,6,2023,2023-06-14,True
WX03,Austin,South,68,95,23,9,2023,2023-09-23,False
WX02,Seattle,West,19,47,29,12,2022,2022-12-29,True
WX01,Denver,West,26,41,11,3,2022,2022-03-11,True
WX01,Denver,West,21,76,6,1,2022,2022-01-06,False
WX07,Chicago,North,44,75,22,4,2022,2022-04-22,False
WX07,Chicago,North,21,83,12,2,2022,2022-02-12,False
WX05,Boston,East,30,90,23,11,2022,2022-11-23,False
WX05,Boston,East,33,89,6,2,2022,2022-02-06,False
WX03,Austin,South,68,25,16,5,2022,2022-05-16,False
WX02,Seattle,West,41,25,3,11,2022,2022-11-03,True
WX01,Denver,West,72,28,22,6,2023,2023-06-22,False
WX06,Newark,East,74,67,8,5,2023,2023-05-08,True
WX01,Denver,West,15,62,12,2,2022,2022-02-12,False
WX01,Denver,West,52,88,22,10,2023,2023-10-22,False
WX07,Chicago,North,42,86,6,2,2023,2023-02-06,False
WX05,Boston,East,80,84,12,9,2022,2022-09-12,True
WX04,Miami,South,54,17,7,10,2022,2022-10-07,False
WX02,Seattle,West,98,73,12,9,2023,2023-09-12,True
WX02,Seattle,West,17,87,6,12,2022,2022-12-06,True
WX04,Miami,South,95,99,29,6,2022,2022-06-29,False
WX03,Austin,South,25,41,7,11,2022,2022-11-07,False
WX05,Boston,East,23,80,19,2,2022,2022-02-19,False
WX02,Seattle,West,44,46,22,4,2022,2022-04-22,False
WX02,Seattle,West,87,24,18,8,2022,2022-08-18,False
WX01,Denver,West,86,40,10,6,2022,2022-06-10,False
WX04,Miami,South,70,32,12,9,2022,2022-09-12,False
WX03,Austin,South,33,92,17,2,2022,2022-02-17,False
WX02,Seattle,West,33,25,22,3,2023,2023-03-22,True
WX05,Boston,East,40,21,26,3,2022,2022-03-26,False
WX04,Miami,South,92,62,8,6,2022,2022-06-08,False
WX02,Seattle,West,13,62,15,12,2023,2023-12-15,True
WX06,Newark,East,14,61,5,1,2022,2022-01-05,True
WX03,Austin,South,90,23,24,7,2022,2022-07-24,True
WX03,Austin,South,25,55,1,1,2023,2023-01-01,False
WX04,Miami,South,97,94,13,8,2022,2022-08-13,False
WX02,Seattle,West,84,18,22,8,2022,2022-08-22,False
WX04,Miami,South,52,82,3,4,2022,2022-04-03,False
WX05,Boston,East,31,21,6,11,2022,2022-11-06,False
WX02,Seattle,West,93,31,6,7,2023,2023-07-06,True
WX05,Boston,East,35,91,6,3,2023,2023-03-06,False
WX01,Denver,West,35,37,6,11,2023,2023-11-06,False
WX05,Boston,East,72,57,26,5,2023,2023-05-26,True
WX01,Denver,West,94,44,31,7,2023,2023-07-31,True
WX02,Seattle,West,33,65,12,11,2022,2022-11-12,False
WX03,Austin,South,31,46,24,3,2023,2023-03-24,False
WX05,Boston,East,28,50,27,2,2023,2023-02-27,False
WX06,Newark,East,61,84,17,8,2023,2023-08-17,True
WX04,Miami,South,15,60,1,1,2023,2023-01-01,True
WX02,Seattle,West,46,61,23,10,2022,2022-10-23,True
WX04,Miami,South,34,83,21,2,2022,2022-02-21,False
WX07,Chicago,North,69,48,20,9,2023,2023-09-20,False
WX01,Denver,West,33,84,14,11,2022,2022-11-14,False
WX06,Newark,East,85,75,6,8,2023,2023-08-06,False
WX04,Miami,South,68,90,11,5,2023,2023-05-11,True
WX01,Denver,West,17,51,2,1,2022,2022-01-02,False
WX06,Newark,East,56,60,21,4,2023,2023-04-21,False
WX01,Denver,West,21,21,23,12,2022,2022-12-23,False
WX03,Austin,South,82,20,25,6,2022,2022-06-25,False
WX02,Seattle,West,82,19,13,7,2022,2022-07-13,True
WX05,Boston,East,46,67,11,4,2023,2023-04-11,False
WX01,Denver,West,38,39,4,3,2022,2022-03-04,False
WX01,Denver,West,40,36,19,3,2023,2023-03-19,True
WX05,Boston,East,61,64,10,9,2023,2023-09-10,False
WX08,Fargo,North,44,46,5,3,2022,2022-03-05,False
WX01,Denver,West,26,22,6,1,2022,2022-01-06,True
WX04,Miami,South,32,60,14,2,2022,2022-02-14,False
WX07,Chicago,North,88,60,18,6,2023,2023-06-18,False
WX03,Austin,South,78,22,11,9,2023,2023-09-11,False
WX04,Miami,South,42,34,23,12,2023,2023-12-23,False
WX07,Chicago,North,18,31,22,1,2022,2022-01-22,True
WX06,Newark,East,16,73,18,12,2022,2022-12-18,False
WX03,Austin,South,12,32,5,2,2022,2022-02-05,False
WX07,Chicago,North,87,12,29,9,2022,2022-09-29,True
WX06,Newark,East,99,34,13,8,2022,2022-08-13,False
WX05,Boston,East,30,52,19,3,2023,2023-03-19,False
WX04,Miami,South,49,80,26,10,2023,2023-10-26,True
WX08,Fargo,North,83,14,11,8,2023,2023-08-11,False
WX07,Chicago,North,34,90,16,2,2022,2022-02-16,False
WX08,Fargo,North,75,40,25,6,2022,2022-06-25,False
WX06,Newark,East,74,41,20,7,2022,2022-07-20,False
WX03,Austin,South,107,11,3,7,2022,2022-07-03,False
WX01,Denver,West,75,35,15,9,2022,2022-09-15,False
WX02,Seattle,West,41,52,20,3,2023,2023-03-20,True
WX08,Fargo,North,84,66,24,6,2023,2023-06-24,False
WX03,Austin,South,41,79,18,11,2023,2023-11-18,False
WX01,Denver,West,60,57,29,5,2023,2023-05-29,False
WX02,Seattle,West,79,19,6,8,2022,2022-08-06,False
WX01,Denver,West,73,45,15,5,2022,2022-05-15,False
WX05,Boston,East,37,76,3,10,2022,2022-10-03,False
WX05,Boston,East,83,68,7,8,2023,2023-08-07,False
WX04,Miami,South,22,63,27,12,2023,2023-12-27,False
WX06,Newark,East,53,56,14,10,2022,2022-10-14,False
WX04,Miami,South,68,55,9,5,2022,2022-05-09,True
WX08,Fargo,North,12,100,4,1,2022,2022-01-04,True
WX07,Chicago,North,10,64,26,2,2022,2022-02-26,False
WX01,Denver,West,56,64,10,4,2023,2023-04-10,False
WX03,Austin,South,35,40,7,3,2023,2023-03-07,False
WX07,Chicago,North,44,54,15,4,2023,2023-04-15,True
WX05,Boston,East,21,74,18,1,2022,2022-01-18,False
WX07,Chicago,North,35,88,15,11,2022,2022-11-15,False
WX03,Austin,South,69,80,12,5,2022,2022-05-12,False
WX01,Denver,West,55,70,3,9,2022,2022-09-03,False
WX07,Chicago,North,43,80,31,3,2023,2023-03-31,False
WX07,Chicago,North,80,12,21,7,2022,2022-07-21,True
WX06,Newark,East,56,34,27,4,2023,2023-04-27,True
WX04,Miami,South,84,32,31,7,2022,2022-07-31,True
WX01,Denver,West,17,69,8,1,2023,2023-01-08,True
WX06,Newark,East,34,78,2,12,2022,2022-12-02,False
WX06,Newark,East,59,23,8,10,2022,2022-10-08,True
WX06,Newark,East,64,27,3,4,2022,2022-04-03,False
WX02,Seattle,West,27,55,25,2,2023,2023-02-25,False
WX06,Newark,East,28,98,24,12,2023,2023-12-24,False
WX06,Newark,East,41,10,15,4,2023,2023-04-15,False
WX07,Chicago,North,83,90,29,6,2023,2023-06-29,False
WX05,Boston,East,84,27,10,8,2023,2023-08-10,False
WX06,Newark,East,30,34,28,1,2022,2022-01-28,False
WX04,Miami,South,81,67,2,8,2023,2023-08-02,False
WX06,Newark,East,87,76,27,6,2022,2022-06-27,False
WX06,Newark,East,74,89,1,5,2023,2023-05-01,False
WX07,Chicago,North,34,10,20,12,2023,2023-12-20,True
WX07,Chicago,North,54,14,15,10,2023,2023-10-15,False
WX01,Denver,West,62,53,30,10,2022,2022-10-30,False
WX07,Chicago,North,59,60,4,9,2023,2023-09-04,True
WX07,Chicago,North,25,33,28,3,2023,2023-03-28,True
WX05,Boston,East,37,67,8,4,2022,2022-04-08,True
WX05,Boston,East,92,34,25,6,2022,2022-06-25,True
WX06,Newark,East,43,94,30,11,2023,2023-11-30,True
WX04,Miami,South,62,26,31,10,2023,2023-10-31,False
WX04,Miami,South,50,69,13,10,2023,2023-10-13,False
WX07,Chicago,North,50,58,8,10,2022,2022-10-08,False
WX07,Chicago,North,84,19,23,8,2022,2022-08-23,False
WX02,Seattle,West,97,65,12,8,2023,2023-08-12,True
WX07,Chicago,North,34,23,15,1,2022,2022-01-15,False
WX03,Austin,South,61,59,18,10,2023,2023-10-18,True
WX02,Seattle,West,40,67,17,3,2023,2023-03-17,False
WX08,Fargo,North,66,16,7,4,2023,2023-04-07,False
WX02,Seattle,West,35,29,17,11,2022,2022-11-17,False
WX02,Seattle,West,22,36,16,12,2023,2023-12-16,False
WX03,Austin,South,89,94,2,7,2023,2023-07-02,False
WX04,Miami,South,17,30,9,2,2022,2022-02-09,False
WX02,Seattle,West,19,93,18,1,2023,2023-01-18,False
WX02,Seattle,West,64,58,20,9,2023,2023-09-20,False
WX04,Miami,South,33,96,25,2,2022,2022-02-25,True
WX02,Seattle,West,90,85,22,6,2023,2023-06-22,True
WX02,Seattle,West,97,36,28,6,2022,2022-06-28,False
WX08,Fargo,North,7,60,5,1,2023,2023-01-05,False
WX05,Boston,East,70,75,7,10,2023,2023-10-07,False
WX01,Denver,West,12,17,26,12,2022,2022-12-26,True
WX01,Denver,West,10,70,28,1,2022,2022-01-28,True
WX07,Chicago,North,15,51,16,1,2022,2022-01-16,False
WX03,Austin,South,96,13,22,6,2023,2023-06-22,True
WX02,Seattle,West,39,88,11,11,2023,2023-11-11,False
WX06,Newark,East,83,34,2,8,2022,2022-08-02,True
WX07,Chicago,North,31,89,14,11,2023,2023-11-14,True
WX04,Miami,South,26,28,27,11,2022,2022-11-27,True
WX06,Newark,East,34,59,12,2,2022,2022-02-12,False
WX04,Miami,South,26,43,23,1,2023,2023-01-23,False
WX01,Denver,West,36,91,12,12,2023,2023-12-12,False
WX07,Chicago,North,93,96,2,7,2022,2022-07-02,False
WX08,Fargo,North,4,80,3,12,2023,2023-12-03,False
WX08,Fargo,North,45,86,21,4,2023,2023-04-21,False
WX01,Denver,West,59,79,17,10,2022,2022-10-17,False
WX05,Boston,East,70,36,22,5,2023,2023-05-22,True
WX05,Boston,East,51,93,20,10,2022,2022-10-20,False
WX01,Denver,West,29,58,4,3,2022,2022-03-04,False
WX08,Fargo,North,80,41,28,9,2023,2023-09-28,False
WX01,Denver,West,76,27,30,9,2022,2022-09-30,False
WX03,Austin,South,29,74,18,2,2023,2023-02-18,False
WX08,Fargo,North,80,35,28,6,2023,2023-06-28,False
WX05,Boston,East,39,69,2,3,2022,2022-03-02,True
WX06,Newark,East,75,15,11,6,2023,2023-06-11,False
WX04,Miami,South,71,67,24,9,2022,2022-09-24,True
WX07,Chicago,North,4,68,2,2,2023,2023-02-02,True
WX01,Denver,West,25,57,30,11,2022,2022-11-30,False
WX06,Newark,East,87,69,22,7,2023,2023-07-22,False
WX01,Denver,West,92,100,17,5,2022,2022-05-17,False
WX02,Seattle,West,23,86,20,3,2022,2022-03-20,False
WX05,Boston,East,45,49,27,10,2022,2022-10-27,False
WX04,Miami,South,39,89,28,3,2022,2022-03-28,False
WX02,Seattle,West,99,96,27,6,2022,2022-06-27,False
WX07,Chicago,North,57,24,25,4,2023,2023-04-25,False
WX03,Austin,South,91,42,21,8,2023,2023-08-21,True
WX07,Chicago,North,70,77,22,5,2023,2023-05-22,False
WX01,Denver,West,81,56,20,8,2022,2022-08-20,False
WX02,Seattle,West,86,22,18,8,2023,2023-08-18,False
WX03,Austin,South,50,52,24,10,2022,2022-10-24,True
WX05,Boston,East,78,44,13,5,2022,2022-05-13,False
WX04,Miami,South,77,77,7,7,2023,2023-07-07,False
WX02,Seattle,West,27,56,13,1,2023,2023-01-13,True
WX05,Boston,East,73,22,28,9,2022,2022-09-28,False
WX08,Fargo,North,53,14,28,4,2023,2023-04-28,True
WX02,Seattle,West,72,36,14,6,2023,2023-06-14,False
WX03,Austin,South,77,24,13,6,2022,2022-06-13,False
WX04,Miami,South,47,89,27,3,2022,2022-03-27,False
WX06,Newark,East,18,34,13,1,2023,2023-01-13,True
WX02,Seattle,West,27,67,7,2,2022,2022-02-07,False
WX02,Seattle,West,48,21,12,4,2023,2023-04-12,False
WX02,Seattle,West,37,50,18,11,2022,2022-11-18,False
WX05,Boston,East,74,95,6,6,2022,2022-06-06,False
WX01,Denver,West,38,68,13,3,2023,2023-03-13,False
WX06,Newark,East,58,36,2,10,2022,2022-10-02,True
WX04,Miami,South,58,78,11,10,2022,2022-10-11,False
WX03,Austin,South,78,55,7,6,2022,2022-06-07,False
WX07,Chicago,North,70,31,9,5,2023,2023-05-09,False
WX07,Chicago,North,59,100,22,10,2023,2023-10-22,False
WX07,Chicago,North,36,95,28,3,2023,2023-03-28,True
WX08,Fargo,North,83,61,22,6,2022,2022-06-22,True
WX02,Seattle,West,88,13,1,9,2023,2023-09-01,False
WX07,Chicago,North,30,47,30,3,2022,2022-03-30,False
WX02,Seattle,West,99,56,31,7,2022,2022-07-31,True
WX03,Austin,South,11,94,26,1,2022,2022-01-26,False
WX05,Boston,East,78,76,12,9,2023,2023-09-12,False
WX06,Newark,East,30,30,2,2,2022,2022-02-02,False
WX05,Boston,East,21,56,3,2,2023,2023-02-03,False
WX05,Boston,East,63,26,20,5,2022,2022-05-20,False
WX04,Miami,South,70,53,4,6,2022,2022-06-04,False
WX05,Boston,East,33,58,20,3,2023,2023-03-20,False
WX04,Miami,South,90,56,10,8,2023,2023-08-10,False
WX04,Miami,South,11,48,13,1,2022,2022-01-13,False
WX05,Boston,East,56,49,26,4,2022,2022-04-26,True
WX05,Boston,East,78,82,29,7,2022,2022-07-29,False
WX03,Austin,South,36,56,20,11,2023,2023-11-20,True
WX02,Seattle,West,16,13,12,2,2022,2022-02-12,False
WX03,Austin,South,72,77,11,5,2022,2022-05-11,False
WX04,Miami,South,51,66,22,10,2022,2022-10-22,False
WX02,Seattle,West,76,73,26,8,2022,2022-08-26,False
WX02,Seattle,West,19,74,5,2,2022,2022-02-05,True
WX08,Fargo,North,13,25,30,1,2023,2023-01-30,False
WX03,Austin,South,27,98,20,3,2023,2023-03-20,False
WX06,Newark,East,81,100,10,5,2022,2022-05-10,True
WX02,Seattle,West,70,23,18,5,2023,2023-05-18,True
WX08,Fargo,North,7,29,11,2,2022,2022-02-11,False
WX02,Seattle,West,80,32,18,6,2023,2023-06-18,False
WX04,Miami,South,97,97,9,7,2022,2022-07-09,False
WX07,Chicago,North,79,94,13,6,2022,2022-06-13,True
WX02,Seattle,West,84,34,24,5,2022,2022-05-24,False
WX05,Boston,East,66,67,27,9,2023,2023-09-27,False
WX07,Chicago,North,24,32,2,1,2023,2023-01-02,False
WX01,Denver,West,81,13,19,5,2023,2023-05-19,False
WX01,Denver,West,76,30,29,5,2022,2022-05-29,True
WX07,Chicago,North,14,17,11,2,2022,2022-02-11,False
WX03,Austin,South,12,87,28,1,2022,2022-01-28,True
WX08,Fargo,North,47,81,18,11,2022,2022-11-18,False
WX08,Fargo,North,79,26,27,8,2022,2022-08-27,True
WX08,Fargo,North,98,61,15,7,2023,2023-07-15,True
WX08,Fargo,North,87,28,30,7,2023,2023-07-30,False
WX07,Chicago,North,86,61,15,8,2022,2022-08-15,True
WX04,Miami,South,26,91,13,11,2022,2022-11-13,False
WX08,Fargo,North,50,90,6,10,2022,2022-10-06,False
WX03,Austin,South,65,85,8,5,2023,2023-05-08,False
WX05,Boston,East,57,31,5,4,2023,2023-04-05,True
WX01,Denver,West,56,27,21,4,2023,2023-04-21,False
WX08,Fargo,North,28,24,10,2,2022,2022-02-10,False
WX05,Boston,East,69,21,4,9,2022,2022-09-04,True
WX08,Fargo,North,17,65,7,12,2023,2023-12-07,False
WX03,Austin,South,74,69,7,9,2022,2022-09-07,False
WX03,Austin,South,64,90,8,5,2022,2022-05-08,False
WX05,Boston,East,81,18,26,5,2022,2022-05-26,False
WX07,Chicago,North,19,34,20,1,2022,2022-01-20,False
WX05,Boston,East,87,76,24,7,2023,2023-07-24,False
WX07,Chicago,North,24,71,4,1,2022,2022-01-04,False
WX02,Seattle,West,37,48,12,3,2023,2023-03-12,True
WX07,Chicago,North,42,23,19,10,2022,2022-10-19,False
WX06,Newark,East,29,54,11,3,2022,2022-03-11,False
WX08,Fargo,North,63,25,8,10,2023,2023-10-08,False
WX01,Denver,West,86,58,26,6,2023,2023-06-26,False
WX04,Miami,South,72,92,22,8,2023,2023-08-22,True
WX01,Denver,West,40,27,15,11,2023,2023-11-15,False
WX04,Miami,South,51,20,28,10,2023,2023-10-28,True
WX07,Chicago,North,66,77,27,5,2023,2023-05-27,False
WX06,Newark,East,11,12,25,1,2023,2023-01-25,False
WX07,Chicago,North,80,99,24,5,2023,2023-05-24,True
WX06,Newark,East,22,80,24,11,2022,2022-11-24,False
WX08,Fargo,North,66,46,13,5,2022,2022-05-13,False
WX08,Fargo,North,56,42,9,10,2022,2022-10-09,False
WX05,Boston,East,37,45,7,12,2022,2022-12-07,False
WX08,Fargo,North,29,46,3,2,2022,2022-02-03,False
WX01,Denver,West,66,86,11,9,2023,2023-09-11,False
WX06,Newark,East,67,82,26,10,2023,2023-10-26,True
WX05,Boston,East,27,28,3,11,2022,2022-11-03,True
WX08,Fargo,North,27,26,29,12,2022,2022-12-29,True
WX05,Boston,East,76,59,6,9,2023,2023-09-06,False
WX02,Seattle,West,30,69,29,11,2022,2022-11-29,False
WX06,Newark,East,78,76,18,5,2023,2023-05-18,False
WX08,Fargo,North,16,38,12,1,2023,2023-01-12,False
WX01,Denver,West,96,53,17,7,2022,2022-07-17,True
WX01,Denver,West,71,19,3,8,2023,2023-08-03,False
WX06,Newark,East,75,51,21,5,2022,2022-05-21,False
WX05,Boston,East,82,72,13,6,2022,2022-06-13,True
WX05,Boston,East,82,37,20,5,2023,2023-05-20,False
WX01,Denver,West,85,38,3,6,2023,2023-06-03,True
WX05,Boston,East,47,52,28,11,2023,2023-11-28,False
WX05,Boston,East,89,88,3,6,2023,2023-06-03,False
WX07,Chicago,North,19,64,19,1,2022,2022-01-19,True
WX04,Miami,South,79,93,13,9,2023,2023-09-13,False
WX03,Austin,South,61,15,30,10,2022,2022-10-30,False
WX01,Denver,West,24,87,7,1,2022,2022-01-07,True
WX05,Boston,East,6,13,27,2,2023,2023-02-27,False
WX06,Newark,East,65,39,5,5,2022,2022-05-05,False
WX03,Austin,South,66,48,31,10,2022,2022-10-31,True
WX06,Newark,East,15,31,10,12,2022,2022-12-10,False
WX08,Fargo,North,32,100,24,2,2022,2022-02-24,False
WX02,Seattle,West,78,91,13,9,2023,2023-09-13,True
WX05,Boston,East,14,61,8,1,2023,2023-01-08,False
WX06,Newark,East,9,51,6,12,2023,2023-12-06,False
WX01,Denver,West,20,79,6,12,2022,2022-12-06,False
WX02,Seattle,West,54,74,11,3,2023,2023-03-11,True
WX04,Miami,South,78,53,17,8,2023,2023-08-17,True
WX02,Seattle,West,79,85,4,6,2022,2022-06-04,False
WX03,Austin,South,47,27,26,10,2023,2023-10-26,False
WX02,Seattle,West,82,35,15,5,2022,2022-05-15,True
WX08,Fargo,North,23,11,29,12,2023,2023-12-29,False
WX05,Boston,East,50,20,12,4,2023,2023-04-12,False
WX03,Austin,South,31,28,14,1,2023,2023-01-14,False
WX07,Chicago,North,90,66,3,6,2022,2022-06-03,False
WX01,Denver,West,17,87,20,2,2023,2023-02-20,False
WX05,Boston,East,15,63,8,2,2023,2023-02-08,False
WX06,Newark,East,34,50,20,12,2023,2023-12-20,False
WX07,Chicago,North,73,34,2,9,2023,2023-09-02,False
WX02,Seattle,West,12,19,19,12,2022,2022-12-19,False
WX05,Boston,East,41,63,12,10,2022,2022-10-12,False
WX07,Chicago,North,46,22,10,10,2022,2022-10-10,False
WX07,Chicago,North,45,81,4,10,2022,2022-10-04,False
WX02,Seattle,West,4,47,10,1,2022,2022-01-10,False
WX08,Fargo,North,11,41,27,1,2022,2022-01-27,False
WX03,Austin,South,83,12,3,7,2023,2023-07-03,True
WX04,Miami,South,86,32,5,7,2022,2022-07-05,True
WX02,Seattle,West,69,11,28,10,2022,2022-10-28,False
WX02,Seattle,West,70,75,25,5,2023,2023-05-25,False
WX03,Austin,South,36,54,20,3,2023,2023-03-20,False
WX02,Seattle,West,77,81,21,9,2022,2022-09-21,False
WX06,Newark,East,88,61,4,7,2023,2023-07-04,True
WX05,Boston,East,58,96,26,4,2022,2022-04-26,False
WX04,Miami,South,27,81,12,12,2022,2022-12-12,True
WX05,Boston,East,38,23,19,3,2022,2022-03-19,False
WX05,Boston,East,42,20,24,1,2023,2023-01-24,False
WX02,Seattle,West,45,90,11,3,2022,2022-03-11,False
WX03,Austin,South,29,34,19,11,2023,2023-11-19,False
WX08,Fargo,North,58,79,27,4,2023,2023-04-27,True
WX01,Denver,West,79,67,29,6,2022,2022-06-29,True
WX08,Fargo,North,41,73,24,3,2023,2023-03-24,False
WX08,Fargo,North,61,34,13,9,2022,2022-09-13,True
WX03,Austin,South,11,38,14,1,2023,2023-01-14,False
WX03,Austin,South,75,60,3,5,2022,2022-05-03,True
WX02,Seattle,West,28,12,1,1,2023,2023-01-01,False
WX05,Boston,East,42,38,19,3,2022,2022-03-19,True
WX02,Seattle,West,62,56,22,4,2022,2022-04-22,False
WX07,Chicago,North,40,28,3,3,2023,2023-03-03,False
WX04,Miami,South,21,36,1,1,2023,2023-01-01,True
WX08,Fargo,North,81,99,3,8,2022,2022-08-03,False
WX07,Chicago,North,31,36,13,2,2022,2022-02-13,True
WX04,Miami,South,46,92,6,11,2022,2022-11-06,False
WX05,Boston,East,37,94,7,11,2023,2023-11-07,True
WX01,Denver,West,84,71,1,6,2023,2023-06-01,False
WX01,Denver,West,37,23,12,2,2022,2022-02-12,True
WX05,Boston,East,37,28,16,11,2023,2023-11-16,False
WX04,Miami,South,38,95,6,11,2022,2022-11-06,False
WX04,Miami,South,29,10,25,2,2023,2023-02-25,False
WX01,Denver,West,19,55,1,1,2022,2022-01-01,False
WX07,Chicago,North,79,64,15,8,2022,2022-08-15,True
WX04,Miami,South,93,86,28,7,2023,2023-07-28,False
WX04,Miami,South,85,91,30,8,2022,2022-08-30,False
WX04,Miami,South,87,35,2,5,2022,2022-05-02,False
WX04,Miami,South,44,55,8,3,2022,2022-03-08,False
WX06,Newark,East,33,67,7,11,2023,2023-11-07,False
WX07,Chicago,North,91,97,17,8,2023,2023-08-17,False
WX05,Boston,East,27,60,2,2,2022,2022-02-02,False
WX02,Seattle,West,48,21,7,11,2023,2023-11-07,False
WX07,Chicago,North,81,94,23,8,2023,2023-08-23,False
WX03,Austin,South,74,56,20,9,2022,2022-09-20,False
WX01,Denver,West,54,26,25,4,2023,2023-04-25,False
WX01,Denver,West,90,27,8,7,2022,2022-07-08,False
WX07,Chicago,North,83,28,2,7,2022,2022-07-02,True
WX04,Miami,South,90,75,6,6,2023,2023-06-06,False
WX01,Denver,West,76,96,28,5,2022,2022-05-28,False
WX07,Chicago,North,83,50,17,9,2022,2022-09-17,True
WX03,Austin,South,72,18,19,9,2022,2022-09-19,False
WX08,Fargo,North,52,90,20,4,2022,2022-04-20,True
WX08,Fargo,North,92,67,28,8,2023,2023-08-28,True
WX01,Denver,West,66,61,7,5,2023,2023-05-07,False
WX06,Newark,East,81,15,22,9,2023,2023-09-22,False
WX05,Boston,East,29,98,18,1,2023,2023-01-18,False
WX02,Seattle,West,83,17,8,5,2022,2022-05-08,True
WX03,Austin,South,93,65,24,7,2022,2022-07-24,False
WX04,Miami,South,69,64,16,9,2022,2022-09-16,True
WX02,Seattle,West,38,56,19,11,2023,2023-11-19,False
WX06,Newark,East,88,60,23,6,2022,2022-06-23,True
WX03,Austin,South,68,46,21,5,2023,2023-05-21,False
WX08,Fargo,North,48,62,31,3,2022,2022-03-31,True
WX07,Chicago,North,42,43,29,11,2023,2023-11-29,True
WX06,Newark,East,48,53,17,4,2023,2023-04-17,False
WX01,Denver,West,53,71,11,11,2022,2022-11-11,False
WX01,Denver,West,73,77,10,9,2022,2022-09-10,False
WX02,Seattle,West,64,23,16,9,2022,2022-09-16,False
WX04,Miami,South,79,100,14,6,2022,2022-06-14,False
WX07,Chicago,North,49,18,14,3,2023,2023-03-14,True
WX02,Seattle,West,87,35,25,9,2023,2023-09-25,False
WX06,Newark,East,93,41,26,6,2022,2022-06-26,False
WX01,Denver,West,101,39,1,7,2023,2023-07-01,False
WX03,Austin,South,34,42,18,2,2023,2023-02-18,False
WX05,Boston,East,94,39,19,7,2023,2023-07-19,False
WX07,Chicago,North,93,49,16,7,2023,2023-07-16,False
WX07,Chicago,North,24,79,29,1,2022,2022-01-29,True
WX05,Boston,East,26,85,16,1,2022,2022-01-16,False
WX01,Denver,West,49,41,31,10,2023,2023-10-31,False
WX03,Austin,South,61,33,24,4,2022,2022-04-24,False
WX07,Chicago,North,36,71,24,2,2023,2023-02-24,False
WX01,Denver,West,88,15,4,7,2023,2023-07-04,False
WX06,Newark,East,17,50,3,1,2023,2023-01-03,True
WX06,Newark,East,24,30,5,1,2022,2022-01-05,False
WX07,Chicago,North,15,65,8,1,2022,2022-01-08,False
WX02,Seattle,West,62,17,4,5,2023,2023-05-04,False
WX02,Seattle,West,64,85,18,10,2023,2023-10-18,False
WX02,Seattle,West,69,34,8,9,2022,2022-09-08,False
WX04,Miami,South,25,56,2,2,2023,2023-02-02,True
WX05,Boston,East,33,62,13,11,2023,2023-11-13,True
WX01,Denver,West,96,53,26,8,2023,2023-08-26,False
WX05,Boston,East,27,50,30,1,2023,2023-01-30,False
WX02,Seattle,West,53,34,24,4,2023,2023-04-24,False
WX05,Boston,East,15,80,3,12,2023,2023-12-03,True
WX03,Austin,South,83,56,5,8,2023,2023-08-05,True
WX08,Fargo,North,60,29,31,10,2022,2022-10-31,True
WX03,Austin,South,74,33,21,5,2023,2023-05-21,False
WX07,Chicago,North,86,49,29,8,2022,2022-08-29,True
WX02,Seattle,West,39,86,4,11,2023,2023-11-04,True
WX01,Denver,West,44,97,10,3,2022,2022-03-10,False
WX02,Seattle,West,85,45,14,6,2022,2022-06-14,False
WX04,Miami,South,76,45,10,9,2022,2022-09-10,False
WX08,Fargo,North,65,21,28,5,2022,2022-05-28,True
WX02,Seattle,West,58,59,11,3,2023,2023-03-11,False
WX07,Chicago,North,83,31,5,6,2023,2023-06-05,False
WX06,Newark,East,57,84,13,10,2023,2023-10-13,False
WX03,Austin,South,25,58,2,1,2023,2023-01-02,True
WX03,Austin,South,34,30,30,3,2023,2023-03-30,True
WX08,Fargo,North,38,93,14,3,2023,2023-03-14,False
WX06,Newark,East,20,84,3,1,2022,2022-01-03,True
WX02,Seattle,West,78,37,2,6,2023,2023-06-02,False
WX08,Fargo,North,24,20,17,1,2022,2022-01-17,False
WX04,Miami,South,11,34,4,2,2023,2023-02-04,True
WX01,Denver,West,39,44,31,12,2023,2023-12-31,True
WX07,Chicago,North,96,46,30,7,2023,2023-07-30,True
WX07,Chicago,North,25,84,5,1,2023,2023-01-05,False
WX04,Miami,South,71,98,21,8,2022,2022-08-21,True
WX06,Newark,East,66,78,4,9,2023,2023-09-04,False
WX02,Seattle,West,84,86,20,9,2023,2023-09-20,True
WX07,Chicago,North,106,21,26,9,2022,2022-09-26,False
WX03,Austin,South,47,23,20,3,2022,2022-03-20,False
WX03,Austin,South,46,92,2,3,2023,2023-03-02,False
WX05,Boston,East,59,65,8,4,2023,2023-04-08,False
WX03,Austin,South,31,31,13,11,2023,2023-11-13,False
WX05,Boston,East,63,82,12,10,2023,2023-10-12,False
WX06,Newark,East,77,25,17,6,2022,2022-06-17,False
WX04,Miami,South,80,79,4,7,2022,2022-07-04,False
WX07,Chicago,North,15,90,29,12,2023,2023-12-29,True
WX04,Miami,South,93,54,27,8,2022,2022-08-27,False
WX08,Fargo,North,24,69,1,12,2022,2022-12-01,True
WX03,Austin,South,86,76,11,8,2022,2022-08-11,False
WX06,Newark,East,55,90,15,10,2022,2022-10-15,True
WX05,Boston,East,16,63,16,2,2023,2023-02-16,True
WX08,Fargo,North,80,36,2,8,2022,2022-08-02,False
WX02,Seattle,West,50,28,29,10,2022,2022-10-29,False
WX02,Seattle,West,61,42,15,9,2022,2022-09-15,False
WX07,Chicago,North,33,15,20,3,2022,2022-03-20,False
WX08,Fargo,North,81,73,29,7,2023,2023-07-29,False
WX06,Newark,East,60,43,13,10,2023,2023-10-13,False
WX04,Miami,South,30,74,26,12,2022,2022-12-26,False
WX04,Miami,South,62,15,30,5,2022,2022-05-30,False
WX06,Newark,East,53,39,15,4,2023,2023-04-15,True
WX06,Newark,East,35,45,25,1,2023,2023-01-25,False
WX03,Austin,South,17,17,7,2,2023,2023-02-07,False
WX01,Denver,West,41,85,11,3,2023,2023-03-11,False
WX01,Denver,West,86,64,9,6,2023,2023-06-09,True
WX03,Austin,South,29,86,30,1,2022,2022-01-30,True
WX06,Newark,East,40,82,14,3,2022,2022-03-14,True
WX04,Miami,South,34,13,11,3,2022,2022-03-11,False
WX05,Boston,East,56,88,23,4,2022,2022-04-23,False
WX04,Miami,South,25,16,11,12,2023,2023-12-11,False
WX03,Austin,South,85,89,17,6,2023,2023-06-17,True
WX06,Newark,East,62,70,1,5,2023,2023-05-01,False
WX06,Newark,East,82,84,26,5,2023,2023-05-26,False
WX08,Fargo,North,29,55,25,1,2022,2022-01-25,False
WX07,Chicago,North,77,24,5,6,2022,2022-06-05,False
WX04,Miami,South,83,23,3,8,2023,2023-08-03,True
WX06,Newark,East,23,20,4,12,2022,2022-12-04,False
WX03,Austin,South,11,83,7,1,2023,2023-01-07,False
WX07,Chicago,North,75,58,2,7,2023,2023-07-02,True
WX05,Boston,East,19,29,24,2,2022,2022-02-24,False
WX07,Chicago,North,82,21,7,8,2023,2023-08-07,False
WX03,Austin,South,61,17,12,5,2023,2023-05-12,False
WX01,Denver,West,56,33,22,10,2022,2022-10-22,True
WX02,Seattle,West,34,78,31,12,2022,2022-12-31,True
WX05,Boston,East,31,91,24,2,2022,2022-02-24,False
WX08,Fargo,North,71,65,30,5,2022,2022-05-30,True
WX06,Newark,East,71,100,29,6,2022,2022-06-29,False
WX07,Chicago,North,61,45,3,10,2023,2023-10-03,False
WX04,Miami,South,39,40,24,3,2022,2022-03-24,False
WX08,Fargo,North,89,73,1,8,2022,2022-08-01,False
WX08,Fargo,North,70,22,7,4,2022,2022-04-07,False
WX02,Seattle,West,83,92,27,7,2022,2022-07-27,True
WX07,Chicago,North,-3,80,8,1,2022,2022-01-08,True
WX01,Denver,West,82,13,19,7,2022,2022-07-19,False
WX05,Boston,East,89,27,13,6,2023,2023-06-13,False
WX04,Miami,South,90,67,15,7,2023,2023-07-15,False
WX03,Austin,South,45,77,4,10,2022,2022-10-04,False
WX08,Fargo,North,61,29,31,5,2023,2023-05-31,False
WX06,Newark,East,35,77,28,3,2023,2023-03-28,True
WX02,Seattle,West,45,53,22,10,2023,2023-10-22,True
WX02,Seattle,West,89,71,11,8,2023,2023-08-11,False
WX01,Denver,West,82,48,17,6,2022,2022-06-17,True
WX03,Austin,South,32,51,6,3,2023,2023-03-06,False
WX01,Denver,West,84,45,29,7,2023,2023-07-29,True
WX03,Austin,South,87,24,12,8,2022,2022-08-12,False
WX07,Chicago,North,25,27,23,2,2023,2023-02-23,True
WX07,Chicago,North,57,25,20,10,2022,2022-10-20,False
WX07,Chicago,North,87,83,14,8,2022,2022-08-14,True
WX04,Miami,South,72,48,26,5,2022,2022-05-26,False
WX06,Newark,East,12,44,26,1,2022,2022-01-26,False
WX08,Fargo,North,84,87,2,7,2023,2023-07-02,False
WX01,Denver,West,82,90,21,8,2023,2023-08-21,True
WX08,Fargo,North,72,31,21,4,2023,2023-04-21,False
WX06,Newark,East,75,42,25,6,2022,2022-06-25,False
WX04,Miami,South,17,47,14,1,2022,2022-01-14,True
WX04,Miami,South,56,86,7,4,2023,2023-04-07,False
WX04,Miami,South,70,71,26,5,2022,2022-05-26,False
WX02,Seattle,West,33,59,5,2,2023,2023-02-05,False
WX02,Seattle,West,22,31,10,12,2023,2023-12-10,False
WX03,Austin,South,18,45,4,1,2022,2022-01-04,False
WX01,Denver,West,31,12,26,2,2023,2023-02-26,False
WX05,Boston,East,39,74,27,12,2023,2023-12-27,False
WX04,Miami,South,84,93,2,9,2022,2022-09-02,False
WX03,Austin,South,84,81,18,8,2023,2023-08-18,False
WX02,Seattle,West,85,38,28,8,2023,2023-08-28,True
WX08,Fargo,North,25,53,22,12,2022,2022-12-22,False
WX06,Newark,East,86,97,13,8,2022,2022-08-13,False
WX04,Miami,South,66,48,12,5,2023,2023-05-12,True
WX06,Newark,East,45,86,29,3,2023,2023-03-29,True
WX03,Austin,South,26,62,14,12,2022,2022-12-14,True
WX02,Seattle,West,72,55,21,5,2022,2022-05-21,True
WX06,Newark,East,75,63,28,6,2023,2023-06-28,False
WX07,Chicago,North,86,30,4,6,2022,2022-06-04,False
WX06,Newark,East,40,48,9,4,2022,2022-04-09,False
WX05,Boston,East,20,37,19,2,2022,2022-02-19,False
WX01,Denver,West,33,78,22,11,2022,2022-11-22,False
WX06,Newark,East,40,65,29,3,2022,2022-03-29,False
WX05,Boston,East,88,46,2,9,2022,2022-09-02,False
WX04,Miami,South,90,84,26,6,2022,2022-06-26,False
WX02,Seattle,West,36,51,2,12,2022,2022-12-02,False
WX08,Fargo,North,95,96,22,7,2023,2023-07-22,False
WX04,Miami,South,47,65,25,11,2022,2022-11-25,False
WX03,Austin,South,40,90,11,2,2023,2023-02-11,True
WX06,Newark,East,49,99,15,4,2022,2022-04-15,False
WX04,Miami,South,31,39,24,3,2022,2022-03-24,False
WX05,Boston,East,30,33,14,12,2023,2023-12-14,False
WX06,Newark,East,37,86,29,3,2023,2023-03-29,False
WX03,Austin,South,22,31,12,1,2022,2022-01-12,False
WX02,Seattle,West,23,78,17,2,2023,2023-02-17,True
WX02,Seattle,West,15,26,8,1,2022,2022-01-08,False
WX08,Fargo,North,38,89,26,2,2022,2022-02-26,False
WX05,Boston,East,64,72,30,9,2022,2022-09-30,False
WX04,Miami,South,60,57,25,4,2023,2023-04-25,False
WX03,Austin,South,42,50,29,3,2023,2023-03-29,False
WX06,Newark,East,73,67,1,8,2023,2023-08-01,False
WX08,Fargo,North,66,45,12,5,2022,2022-05-12,False
WX07,Chicago,North,67,46,20,5,2022,2022-05-20,False
WX05,Boston,East,25,28,25,1,2023,2023-01-25,False
WX04,Miami,South,70,24,27,9,2023,2023-09-27,False
WX07,Chicago,North,85,91,12,6,2023,2023-06-12,True
WX07,Chicago,North,61,78,4,5,2023,2023-05-04,True
WX04,Miami,South,56,50,10,3,2022,2022-03-10,False
WX08,Fargo,North,56,85,3,10,2023,2023-10-03,False
WX07,Chicago,North,29,65,20,12,2023,2023-12-20,False
WX07,Chicago,North,33,64,2,3,2023,2023-03-02,False
WX01,Denver,West,67,20,3,9,2022,2022-09-03,True
WX02,Seattle,West,70,58,29,4,2023,2023-04-29,False
WX03,Austin,South,40,19,14,4,2023,2023-04-14,False
WX07,Chicago,North,40,72,10,11,2023,2023-11-10,False
WX01,Denver,West,28,16,22,3,2022,2022-03-22,True
WX01,Denver,West,17,56,12,1,2023,2023-01-12,False
WX01,Denver,West,80,43,2,6,2023,2023-06-02,False
WX02,Seattle,West,65,21,12,9,2022,2022-09-12,False
WX08,Fargo,North,73,53,6,9,2023,2023-09-06,True
WX06,Newark,East,4,28,17,2,2022,2022-02-17,False
WX06,Newark,East,35,32,18,3,2022,2022-03-18,False
WX03,Austin,South,85,90,1,8,2023,2023-08-01,False
WX06,Newark,East,44,41,2,4,2022,2022-04-02,False
WX07,Chicago,North,50,46,2,11,2022,2022-11-02,True
WX05,Boston,East,85,10,25,7,2022,2022-07-25,False
WX07,Chicago,North,71,37,18,5,2023,2023-05-18,False
WX05,Boston,East,15,41,9,1,2022,2022-01-09,False
WX03,Austin,South,72,75,18,9,2022,2022-09-18,False
WX06,Newark,East,35,20,21,12,2023,2023-12-21,False
WX08,Fargo,North,92,94,27,9,2022,2022-09-27,False
WX07,Chicago,North,43,21,13,3,2023,2023-03-13,False
WX04,Miami,South,33,69,23,12,2023,2023-12-23,True
WX05,Boston,East,51,10,20,3,2023,2023-03-20,False
WX08,Fargo,North,92,84,6,7,2023,2023-07-06,False
WX06,Newark,East,37,73,2,12,2023,2023-12-02,False
WX05,Boston,East,44,86,27,3,2023,2023-03-27,False
WX03,Austin,South,86,94,31,8,2023,2023-08-31,False
WX08,Fargo,North,23,85,7,1,2023,2023-01-07,False
WX08,Fargo,North,71,66,18,8,2023,2023-08-18,False
WX01,Denver,West,57,86,14,4,2023,2023-04-14,True
WX01,Denver,West,60,18,5,9,2022,2022-09-05,False
WX01,Denver,West,12,68,12,2,2023,2023-02-12,False
WX04,Miami,South,74,100,2,9,2022,2022-09-02,False
WX02,Seattle,West,46,44,17,10,2022,2022-10-17,False
WX08,Fargo,North,85,98,1,8,2022,2022-08-01,False
WX08,Fargo,North,26,56,25,12,2022,2022-12-25,True
WX02,Seattle,West,74,52,11,9,2022,2022-09-11,True
WX07,Chicago,North,48,37,2,4,2023,2023-04-02,False
WX02,Seattle,West,80,19,27,9,2022,2022-09-27,True
WX07,Chicago,North,24,89,25,12,2022,2022-12-25,False
WX03,Austin,South,59,75,13,4,2022,2022-04-13,True
WX01,Denver,West,45,46,10,10,2022,2022-10-10,False
WX04,Miami,South,71,97,17,9,2022,2022-09-17,False
WX07,Chicago,North,33,26,3,12,2023,2023-12-03,False
WX08,Fargo,North,45,80,23,11,2022,2022-11-23,False
WX01,Denver,West,14,51,16,1,2022,2022-01-16,True
WX07,Chicago,North,81,66,14,8,2022,2022-08-14,False
WX03,Austin,South,77,13,17,6,2023,2023-06-17,False
WX04,Miami,South,67,65,1,5,2022,2022-05-01,False
WX01,Denver,West,44,71,29,4,2022,2022-04-29,True
WX08,Fargo,North,71,98,30,9,2022,2022-09-30,False
WX07,Chicago,North,78,41,18,9,2022,2022-09-18,False
WX06,Newark,East,18,16,18,12,2022,2022-12-18,False
